--
-- PostgreSQL database dump
--

-- Dumped from database version 15.13
-- Dumped by pg_dump version 15.13

SET statement_timeout = 0;
SET lock_timeout = 0;
SET idle_in_transaction_session_timeout = 0;
SET client_encoding = 'UTF8';
SET standard_conforming_strings = on;
SELECT pg_catalog.set_config('search_path', '', false);
SET check_function_bodies = false;
SET xmloption = content;
SET client_min_messages = warning;
SET row_security = off;

SET default_tablespace = '';

SET default_table_access_method = heap;

--
-- Name: auth_group; Type: TABLE; Schema: public; Owner: myhours_user
--

CREATE TABLE public.auth_group (
    id integer NOT NULL,
    name character varying(150) NOT NULL
);


ALTER TABLE public.auth_group OWNER TO myhours_user;

--
-- Name: auth_group_id_seq; Type: SEQUENCE; Schema: public; Owner: myhours_user
--

ALTER TABLE public.auth_group ALTER COLUMN id ADD GENERATED BY DEFAULT AS IDENTITY (
    SEQUENCE NAME public.auth_group_id_seq
    START WITH 1
    INCREMENT BY 1
    NO MINVALUE
    NO MAXVALUE
    CACHE 1
);


--
-- Name: auth_group_permissions; Type: TABLE; Schema: public; Owner: myhours_user
--

CREATE TABLE public.auth_group_permissions (
    id bigint NOT NULL,
    group_id integer NOT NULL,
    permission_id integer NOT NULL
);


ALTER TABLE public.auth_group_permissions OWNER TO myhours_user;

--
-- Name: auth_group_permissions_id_seq; Type: SEQUENCE; Schema: public; Owner: myhours_user
--

ALTER TABLE public.auth_group_permissions ALTER COLUMN id ADD GENERATED BY DEFAULT AS IDENTITY (
    SEQUENCE NAME public.auth_group_permissions_id_seq
    START WITH 1
    INCREMENT BY 1
    NO MINVALUE
    NO MAXVALUE
    CACHE 1
);


--
-- Name: auth_permission; Type: TABLE; Schema: public; Owner: myhours_user
--

CREATE TABLE public.auth_permission (
    id integer NOT NULL,
    name character varying(255) NOT NULL,
    content_type_id integer NOT NULL,
    codename character varying(100) NOT NULL
);


ALTER TABLE public.auth_permission OWNER TO myhours_user;

--
-- Name: auth_permission_id_seq; Type: SEQUENCE; Schema: public; Owner: myhours_user
--

ALTER TABLE public.auth_permission ALTER COLUMN id ADD GENERATED BY DEFAULT AS IDENTITY (
    SEQUENCE NAME public.auth_permission_id_seq
    START WITH 1
    INCREMENT BY 1
    NO MINVALUE
    NO MAXVALUE
    CACHE 1
);


--
-- Name: auth_user; Type: TABLE; Schema: public; Owner: myhours_user
--

CREATE TABLE public.auth_user (
    id integer NOT NULL,
    password character varying(128) NOT NULL,
    last_login timestamp with time zone,
    is_superuser boolean NOT NULL,
    username character varying(150) NOT NULL,
    first_name character varying(150) NOT NULL,
    last_name character varying(150) NOT NULL,
    email character varying(254) NOT NULL,
    is_staff boolean NOT NULL,
    is_active boolean NOT NULL,
    date_joined timestamp with time zone NOT NULL
);


ALTER TABLE public.auth_user OWNER TO myhours_user;

--
-- Name: auth_user_groups; Type: TABLE; Schema: public; Owner: myhours_user
--

CREATE TABLE public.auth_user_groups (
    id bigint NOT NULL,
    user_id integer NOT NULL,
    group_id integer NOT NULL
);


ALTER TABLE public.auth_user_groups OWNER TO myhours_user;

--
-- Name: auth_user_groups_id_seq; Type: SEQUENCE; Schema: public; Owner: myhours_user
--

ALTER TABLE public.auth_user_groups ALTER COLUMN id ADD GENERATED BY DEFAULT AS IDENTITY (
    SEQUENCE NAME public.auth_user_groups_id_seq
    START WITH 1
    INCREMENT BY 1
    NO MINVALUE
    NO MAXVALUE
    CACHE 1
);


--
-- Name: auth_user_id_seq; Type: SEQUENCE; Schema: public; Owner: myhours_user
--

ALTER TABLE public.auth_user ALTER COLUMN id ADD GENERATED BY DEFAULT AS IDENTITY (
    SEQUENCE NAME public.auth_user_id_seq
    START WITH 1
    INCREMENT BY 1
    NO MINVALUE
    NO MAXVALUE
    CACHE 1
);


--
-- Name: auth_user_user_permissions; Type: TABLE; Schema: public; Owner: myhours_user
--

CREATE TABLE public.auth_user_user_permissions (
    id bigint NOT NULL,
    user_id integer NOT NULL,
    permission_id integer NOT NULL
);


ALTER TABLE public.auth_user_user_permissions OWNER TO myhours_user;

--
-- Name: auth_user_user_permissions_id_seq; Type: SEQUENCE; Schema: public; Owner: myhours_user
--

ALTER TABLE public.auth_user_user_permissions ALTER COLUMN id ADD GENERATED BY DEFAULT AS IDENTITY (
    SEQUENCE NAME public.auth_user_user_permissions_id_seq
    START WITH 1
    INCREMENT BY 1
    NO MINVALUE
    NO MAXVALUE
    CACHE 1
);


--
-- Name: authtoken_token; Type: TABLE; Schema: public; Owner: myhours_user
--

CREATE TABLE public.authtoken_token (
    key character varying(40) NOT NULL,
    created timestamp with time zone NOT NULL,
    user_id integer NOT NULL
);


ALTER TABLE public.authtoken_token OWNER TO myhours_user;

--
-- Name: biometric_attempts; Type: TABLE; Schema: public; Owner: myhours_user
--

CREATE TABLE public.biometric_attempts (
    id bigint NOT NULL,
    ip_address inet NOT NULL,
    attempts_count integer NOT NULL,
    last_attempt timestamp with time zone NOT NULL,
    blocked_until timestamp with time zone
);


ALTER TABLE public.biometric_attempts OWNER TO myhours_user;

--
-- Name: biometric_attempts_id_seq; Type: SEQUENCE; Schema: public; Owner: myhours_user
--

ALTER TABLE public.biometric_attempts ALTER COLUMN id ADD GENERATED BY DEFAULT AS IDENTITY (
    SEQUENCE NAME public.biometric_attempts_id_seq
    START WITH 1
    INCREMENT BY 1
    NO MINVALUE
    NO MAXVALUE
    CACHE 1
);


--
-- Name: biometric_logs; Type: TABLE; Schema: public; Owner: myhours_user
--

CREATE TABLE public.biometric_logs (
    id uuid NOT NULL,
    action character varying(20) NOT NULL,
    confidence_score double precision,
    location character varying(255) NOT NULL,
    device_info jsonb NOT NULL,
    ip_address inet,
    success boolean NOT NULL,
    error_message text NOT NULL,
    processing_time_ms integer,
    created_at timestamp with time zone NOT NULL,
    employee_id bigint
);


ALTER TABLE public.biometric_logs OWNER TO myhours_user;

--
-- Name: biometric_profiles; Type: TABLE; Schema: public; Owner: myhours_user
--

CREATE TABLE public.biometric_profiles (
    id bigint NOT NULL,
    embeddings_count integer NOT NULL,
    last_updated timestamp with time zone NOT NULL,
    is_active boolean NOT NULL,
    mongodb_id character varying(100),
    created_at timestamp with time zone NOT NULL,
    employee_id bigint NOT NULL
);


ALTER TABLE public.biometric_profiles OWNER TO myhours_user;

--
-- Name: biometric_profiles_id_seq; Type: SEQUENCE; Schema: public; Owner: myhours_user
--

ALTER TABLE public.biometric_profiles ALTER COLUMN id ADD GENERATED BY DEFAULT AS IDENTITY (
    SEQUENCE NAME public.biometric_profiles_id_seq
    START WITH 1
    INCREMENT BY 1
    NO MINVALUE
    NO MAXVALUE
    CACHE 1
);


--
-- Name: django_admin_log; Type: TABLE; Schema: public; Owner: myhours_user
--

CREATE TABLE public.django_admin_log (
    id integer NOT NULL,
    action_time timestamp with time zone NOT NULL,
    object_id text,
    object_repr character varying(200) NOT NULL,
    action_flag smallint NOT NULL,
    change_message text NOT NULL,
    content_type_id integer,
    user_id integer NOT NULL,
    CONSTRAINT django_admin_log_action_flag_check CHECK ((action_flag >= 0))
);


ALTER TABLE public.django_admin_log OWNER TO myhours_user;

--
-- Name: django_admin_log_id_seq; Type: SEQUENCE; Schema: public; Owner: myhours_user
--

ALTER TABLE public.django_admin_log ALTER COLUMN id ADD GENERATED BY DEFAULT AS IDENTITY (
    SEQUENCE NAME public.django_admin_log_id_seq
    START WITH 1
    INCREMENT BY 1
    NO MINVALUE
    NO MAXVALUE
    CACHE 1
);


--
-- Name: django_content_type; Type: TABLE; Schema: public; Owner: myhours_user
--

CREATE TABLE public.django_content_type (
    id integer NOT NULL,
    app_label character varying(100) NOT NULL,
    model character varying(100) NOT NULL
);


ALTER TABLE public.django_content_type OWNER TO myhours_user;

--
-- Name: django_content_type_id_seq; Type: SEQUENCE; Schema: public; Owner: myhours_user
--

ALTER TABLE public.django_content_type ALTER COLUMN id ADD GENERATED BY DEFAULT AS IDENTITY (
    SEQUENCE NAME public.django_content_type_id_seq
    START WITH 1
    INCREMENT BY 1
    NO MINVALUE
    NO MAXVALUE
    CACHE 1
);


--
-- Name: django_migrations; Type: TABLE; Schema: public; Owner: myhours_user
--

CREATE TABLE public.django_migrations (
    id bigint NOT NULL,
    app character varying(255) NOT NULL,
    name character varying(255) NOT NULL,
    applied timestamp with time zone NOT NULL
);


ALTER TABLE public.django_migrations OWNER TO myhours_user;

--
-- Name: django_migrations_id_seq; Type: SEQUENCE; Schema: public; Owner: myhours_user
--

ALTER TABLE public.django_migrations ALTER COLUMN id ADD GENERATED BY DEFAULT AS IDENTITY (
    SEQUENCE NAME public.django_migrations_id_seq
    START WITH 1
    INCREMENT BY 1
    NO MINVALUE
    NO MAXVALUE
    CACHE 1
);


--
-- Name: django_session; Type: TABLE; Schema: public; Owner: myhours_user
--

CREATE TABLE public.django_session (
    session_key character varying(40) NOT NULL,
    session_data text NOT NULL,
    expire_date timestamp with time zone NOT NULL
);


ALTER TABLE public.django_session OWNER TO myhours_user;

--
-- Name: face_quality_checks; Type: TABLE; Schema: public; Owner: myhours_user
--

CREATE TABLE public.face_quality_checks (
    id bigint NOT NULL,
    face_detected boolean NOT NULL,
    face_count integer NOT NULL,
    brightness_score double precision,
    blur_score double precision,
    face_size_ratio double precision,
    eye_visibility boolean NOT NULL,
    created_at timestamp with time zone NOT NULL,
    biometric_log_id uuid NOT NULL
);


ALTER TABLE public.face_quality_checks OWNER TO myhours_user;

--
-- Name: face_quality_checks_id_seq; Type: SEQUENCE; Schema: public; Owner: myhours_user
--

ALTER TABLE public.face_quality_checks ALTER COLUMN id ADD GENERATED BY DEFAULT AS IDENTITY (
    SEQUENCE NAME public.face_quality_checks_id_seq
    START WITH 1
    INCREMENT BY 1
    NO MINVALUE
    NO MAXVALUE
    CACHE 1
);


--
-- Name: integrations_holiday; Type: TABLE; Schema: public; Owner: myhours_user
--

CREATE TABLE public.integrations_holiday (
    id bigint NOT NULL,
    date date NOT NULL,
    name character varying(100) NOT NULL,
    is_shabbat boolean NOT NULL,
    is_holiday boolean NOT NULL,
    end_time timestamp with time zone,
    start_time timestamp with time zone,
    is_special_shabbat boolean NOT NULL
);


ALTER TABLE public.integrations_holiday OWNER TO myhours_user;

--
-- Name: integrations_holiday_id_seq; Type: SEQUENCE; Schema: public; Owner: myhours_user
--

ALTER TABLE public.integrations_holiday ALTER COLUMN id ADD GENERATED BY DEFAULT AS IDENTITY (
    SEQUENCE NAME public.integrations_holiday_id_seq
    START WITH 1
    INCREMENT BY 1
    NO MINVALUE
    NO MAXVALUE
    CACHE 1
);


--
-- Name: payroll_compensatoryday; Type: TABLE; Schema: public; Owner: myhours_user
--

CREATE TABLE public.payroll_compensatoryday (
    id bigint NOT NULL,
    date_earned date NOT NULL,
    reason character varying(50) NOT NULL,
    date_used date,
    created_at timestamp with time zone NOT NULL,
    employee_id bigint NOT NULL
);


ALTER TABLE public.payroll_compensatoryday OWNER TO myhours_user;

--
-- Name: payroll_compensatoryday_id_seq; Type: SEQUENCE; Schema: public; Owner: myhours_user
--

ALTER TABLE public.payroll_compensatoryday ALTER COLUMN id ADD GENERATED BY DEFAULT AS IDENTITY (
    SEQUENCE NAME public.payroll_compensatoryday_id_seq
    START WITH 1
    INCREMENT BY 1
    NO MINVALUE
    NO MAXVALUE
    CACHE 1
);


--
-- Name: payroll_salary; Type: TABLE; Schema: public; Owner: myhours_user
--

CREATE TABLE public.payroll_salary (
    id bigint NOT NULL,
    base_salary numeric(10,2),
    hourly_rate numeric(6,2),
    updated_at timestamp with time zone NOT NULL,
    currency character varying(3) NOT NULL,
    employee_id bigint NOT NULL,
    calculation_type character varying(10) NOT NULL,
    created_at timestamp with time zone NOT NULL,
    project_completed boolean NOT NULL,
    project_end_date date,
    project_start_date date
);


ALTER TABLE public.payroll_salary OWNER TO myhours_user;

--
-- Name: payroll_salary_id_seq; Type: SEQUENCE; Schema: public; Owner: myhours_user
--

ALTER TABLE public.payroll_salary ALTER COLUMN id ADD GENERATED BY DEFAULT AS IDENTITY (
    SEQUENCE NAME public.payroll_salary_id_seq
    START WITH 1
    INCREMENT BY 1
    NO MINVALUE
    NO MAXVALUE
    CACHE 1
);


--
-- Name: users_biometricsession; Type: TABLE; Schema: public; Owner: myhours_user
--

CREATE TABLE public.users_biometricsession (
    id bigint NOT NULL,
    session_id uuid NOT NULL,
    verification_method character varying(50) NOT NULL,
    confidence_score double precision NOT NULL,
    quality_score double precision,
    started_at timestamp with time zone NOT NULL,
    expires_at timestamp with time zone NOT NULL,
    is_active boolean NOT NULL,
    location jsonb,
    ip_address inet,
    device_token_id bigint NOT NULL
);


ALTER TABLE public.users_biometricsession OWNER TO myhours_user;

--
-- Name: users_biometricsession_id_seq; Type: SEQUENCE; Schema: public; Owner: myhours_user
--

ALTER TABLE public.users_biometricsession ALTER COLUMN id ADD GENERATED BY DEFAULT AS IDENTITY (
    SEQUENCE NAME public.users_biometricsession_id_seq
    START WITH 1
    INCREMENT BY 1
    NO MINVALUE
    NO MAXVALUE
    CACHE 1
);


--
-- Name: users_devicetoken; Type: TABLE; Schema: public; Owner: myhours_user
--

CREATE TABLE public.users_devicetoken (
    id bigint NOT NULL,
    token character varying(64) NOT NULL,
    device_id character varying(100) NOT NULL,
    device_info jsonb NOT NULL,
    created_at timestamp with time zone NOT NULL,
    last_used timestamp with time zone NOT NULL,
    expires_at timestamp with time zone NOT NULL,
    is_active boolean NOT NULL,
    last_ip inet,
    last_location jsonb,
    usage_count integer NOT NULL,
    biometric_verified boolean NOT NULL,
    biometric_verified_at timestamp with time zone,
    user_id integer NOT NULL,
    CONSTRAINT users_devicetoken_usage_count_check CHECK ((usage_count >= 0))
);


ALTER TABLE public.users_devicetoken OWNER TO myhours_user;

--
-- Name: users_devicetoken_id_seq; Type: SEQUENCE; Schema: public; Owner: myhours_user
--

ALTER TABLE public.users_devicetoken ALTER COLUMN id ADD GENERATED BY DEFAULT AS IDENTITY (
    SEQUENCE NAME public.users_devicetoken_id_seq
    START WITH 1
    INCREMENT BY 1
    NO MINVALUE
    NO MAXVALUE
    CACHE 1
);


--
-- Name: users_employee; Type: TABLE; Schema: public; Owner: myhours_user
--

CREATE TABLE public.users_employee (
    id bigint NOT NULL,
    first_name character varying(50) NOT NULL,
    last_name character varying(50) NOT NULL,
    email character varying(254) NOT NULL,
    phone character varying(20),
    is_active boolean NOT NULL,
    created_at timestamp with time zone NOT NULL,
    employment_type character varying(10) NOT NULL,
    updated_at timestamp with time zone NOT NULL,
    hourly_rate numeric(8,2),
    role character varying(20) NOT NULL,
    user_id integer
);


ALTER TABLE public.users_employee OWNER TO myhours_user;

--
-- Name: users_employee_id_seq; Type: SEQUENCE; Schema: public; Owner: myhours_user
--

ALTER TABLE public.users_employee ALTER COLUMN id ADD GENERATED BY DEFAULT AS IDENTITY (
    SEQUENCE NAME public.users_employee_id_seq
    START WITH 1
    INCREMENT BY 1
    NO MINVALUE
    NO MAXVALUE
    CACHE 1
);


--
-- Name: users_employeeinvitation; Type: TABLE; Schema: public; Owner: myhours_user
--

CREATE TABLE public.users_employeeinvitation (
    id bigint NOT NULL,
    token character varying(64) NOT NULL,
    created_at timestamp with time zone NOT NULL,
    expires_at timestamp with time zone NOT NULL,
    accepted_at timestamp with time zone,
    email_sent boolean NOT NULL,
    email_sent_at timestamp with time zone,
    employee_id bigint NOT NULL,
    invited_by_id integer
);


ALTER TABLE public.users_employeeinvitation OWNER TO myhours_user;

--
-- Name: users_employeeinvitation_id_seq; Type: SEQUENCE; Schema: public; Owner: myhours_user
--

ALTER TABLE public.users_employeeinvitation ALTER COLUMN id ADD GENERATED BY DEFAULT AS IDENTITY (
    SEQUENCE NAME public.users_employeeinvitation_id_seq
    START WITH 1
    INCREMENT BY 1
    NO MINVALUE
    NO MAXVALUE
    CACHE 1
);


--
-- Name: users_tokenrefreshlog; Type: TABLE; Schema: public; Owner: myhours_user
--

CREATE TABLE public.users_tokenrefreshlog (
    id bigint NOT NULL,
    old_expires_at timestamp with time zone NOT NULL,
    new_expires_at timestamp with time zone NOT NULL,
    refreshed_at timestamp with time zone NOT NULL,
    ip_address inet,
    user_agent text NOT NULL,
    device_token_id bigint NOT NULL
);


ALTER TABLE public.users_tokenrefreshlog OWNER TO myhours_user;

--
-- Name: users_tokenrefreshlog_id_seq; Type: SEQUENCE; Schema: public; Owner: myhours_user
--

ALTER TABLE public.users_tokenrefreshlog ALTER COLUMN id ADD GENERATED BY DEFAULT AS IDENTITY (
    SEQUENCE NAME public.users_tokenrefreshlog_id_seq
    START WITH 1
    INCREMENT BY 1
    NO MINVALUE
    NO MAXVALUE
    CACHE 1
);


--
-- Name: worktime_worklog; Type: TABLE; Schema: public; Owner: myhours_user
--

CREATE TABLE public.worktime_worklog (
    id bigint NOT NULL,
    check_in timestamp with time zone NOT NULL,
    check_out timestamp with time zone,
    created_at timestamp with time zone NOT NULL,
    location_check_in character varying(255),
    location_check_out character varying(255),
    employee_id bigint NOT NULL,
    is_approved boolean NOT NULL,
    notes text NOT NULL,
    updated_at timestamp with time zone NOT NULL
);


ALTER TABLE public.worktime_worklog OWNER TO myhours_user;

--
-- Name: worktime_worklog_id_seq; Type: SEQUENCE; Schema: public; Owner: myhours_user
--

ALTER TABLE public.worktime_worklog ALTER COLUMN id ADD GENERATED BY DEFAULT AS IDENTITY (
    SEQUENCE NAME public.worktime_worklog_id_seq
    START WITH 1
    INCREMENT BY 1
    NO MINVALUE
    NO MAXVALUE
    CACHE 1
);


--
-- Data for Name: auth_group; Type: TABLE DATA; Schema: public; Owner: myhours_user
--

COPY public.auth_group (id, name) FROM stdin;
\.


--
-- Data for Name: auth_group_permissions; Type: TABLE DATA; Schema: public; Owner: myhours_user
--

COPY public.auth_group_permissions (id, group_id, permission_id) FROM stdin;
\.


--
-- Data for Name: auth_permission; Type: TABLE DATA; Schema: public; Owner: myhours_user
--

COPY public.auth_permission (id, name, content_type_id, codename) FROM stdin;
1	Can add log entry	1	add_logentry
2	Can change log entry	1	change_logentry
3	Can delete log entry	1	delete_logentry
4	Can view log entry	1	view_logentry
5	Can add permission	2	add_permission
6	Can change permission	2	change_permission
7	Can delete permission	2	delete_permission
8	Can view permission	2	view_permission
9	Can add group	3	add_group
10	Can change group	3	change_group
11	Can delete group	3	delete_group
12	Can view group	3	view_group
13	Can add user	4	add_user
14	Can change user	4	change_user
15	Can delete user	4	delete_user
16	Can view user	4	view_user
17	Can add content type	5	add_contenttype
18	Can change content type	5	change_contenttype
19	Can delete content type	5	delete_contenttype
20	Can view content type	5	view_contenttype
21	Can add session	6	add_session
22	Can change session	6	change_session
23	Can delete session	6	delete_session
24	Can view session	6	view_session
25	Can add Token	7	add_token
26	Can change Token	7	change_token
27	Can delete Token	7	delete_token
28	Can view Token	7	view_token
29	Can add Token	8	add_tokenproxy
30	Can change Token	8	change_tokenproxy
31	Can delete Token	8	delete_tokenproxy
32	Can view Token	8	view_tokenproxy
33	Can add Employee	9	add_employee
34	Can change Employee	9	change_employee
35	Can delete Employee	9	delete_employee
36	Can view Employee	9	view_employee
37	Can add device token	10	add_devicetoken
38	Can change device token	10	change_devicetoken
39	Can delete device token	10	delete_devicetoken
40	Can view device token	10	view_devicetoken
41	Can add biometric session	11	add_biometricsession
42	Can change biometric session	11	change_biometricsession
43	Can delete biometric session	11	delete_biometricsession
44	Can view biometric session	11	view_biometricsession
45	Can add token refresh log	12	add_tokenrefreshlog
46	Can change token refresh log	12	change_tokenrefreshlog
47	Can delete token refresh log	12	delete_tokenrefreshlog
48	Can view token refresh log	12	view_tokenrefreshlog
49	Can add employee invitation	13	add_employeeinvitation
50	Can change employee invitation	13	change_employeeinvitation
51	Can delete employee invitation	13	delete_employeeinvitation
52	Can view employee invitation	13	view_employeeinvitation
53	Can add Work Log	14	add_worklog
54	Can change Work Log	14	change_worklog
55	Can delete Work Log	14	delete_worklog
56	Can view Work Log	14	view_worklog
57	Can add salary	15	add_salary
58	Can change salary	15	change_salary
59	Can delete salary	15	delete_salary
60	Can view salary	15	view_salary
61	Can add Compensatory Day	16	add_compensatoryday
62	Can change Compensatory Day	16	change_compensatoryday
63	Can delete Compensatory Day	16	delete_compensatoryday
64	Can view Compensatory Day	16	view_compensatoryday
65	Can add Biometric Attempt	17	add_biometricattempt
66	Can change Biometric Attempt	17	change_biometricattempt
67	Can delete Biometric Attempt	17	delete_biometricattempt
68	Can view Biometric Attempt	17	view_biometricattempt
69	Can add Biometric Log	18	add_biometriclog
70	Can change Biometric Log	18	change_biometriclog
71	Can delete Biometric Log	18	delete_biometriclog
72	Can view Biometric Log	18	view_biometriclog
73	Can add Biometric Profile	19	add_biometricprofile
74	Can change Biometric Profile	19	change_biometricprofile
75	Can delete Biometric Profile	19	delete_biometricprofile
76	Can view Biometric Profile	19	view_biometricprofile
77	Can add Face Quality Check	20	add_facequalitycheck
78	Can change Face Quality Check	20	change_facequalitycheck
79	Can delete Face Quality Check	20	delete_facequalitycheck
80	Can view Face Quality Check	20	view_facequalitycheck
81	Can add Holiday	21	add_holiday
82	Can change Holiday	21	change_holiday
83	Can delete Holiday	21	delete_holiday
84	Can view Holiday	21	view_holiday
\.


--
-- Data for Name: auth_user; Type: TABLE DATA; Schema: public; Owner: myhours_user
--

COPY public.auth_user (id, password, last_login, is_superuser, username, first_name, last_name, email, is_staff, is_active, date_joined) FROM stdin;
37	pbkdf2_sha256$870000$uqZ7mmcLVuK3NVtI8DsfuS$tnZ8OhnQNNUQDn67T7S6FOhqDcbwV1jWiokuBRPZ2M4=	\N	f	maya.shechter	Maya	Shechter	maya.shechter@test.com	f	t	2025-07-11 15:58:06.919919+00
38	pbkdf2_sha256$870000$sXFLkgFX2yeppdON7xke5K$ueIU7i+AFBWqANkU2o+w1/hDuek2eNdekbHIZPE7laU=	\N	f	omer.klein	Omer	Klein	omer.klein@test.com	f	t	2025-07-11 15:58:07.120808+00
1	pbkdf2_sha256$870000$6SXJAqLOlKVkv5BESu36gG$L8A356X4EOF65Yo+kxuvKHQ95qFdUxjEVqckHtXeUHo=	2025-07-11 15:53:26.302192+00	t	admin	Admin	User	admin@example.com	t	t	2025-07-11 15:38:31.208991+00
29	pbkdf2_sha256$870000$EzS018zAO7rSEExJ663KXF$ny0bUdgTY7SsgAIKGcNNulRqQPOC9dxhQZYb8meU0qM=	\N	t	leah.benami	Leah	Ben-Ami	leah.benami@test.com	t	t	2025-07-11 15:58:05.4869+00
30	pbkdf2_sha256$870000$0IIVdk9SYiDXfX9dhnbhSf$p0+RDHWkQHkqLVfMtKU6zJt7RL9jDpt7b/4+kvR7xbY=	\N	f	noam.peretz	Noam	Peretz	noam.peretz@test.com	t	t	2025-07-11 15:58:05.685733+00
31	pbkdf2_sha256$870000$wTWnM9WFnEPgtxiQRoM0BH$xNAvc8Eed/dBOE+wCvnFUY+11oG9HTkuImtsKcG+/gk=	\N	f	yosef.abramov	Yosef	Abramov	yosef.abramov@test.com	f	t	2025-07-11 15:58:05.863542+00
32	pbkdf2_sha256$870000$WyKuU3ZY2zDCtpGyHALuCk$eIBMmSK/8mopc1RSLgtVulSQF0T7fBlYPyQsewzHtXg=	\N	f	dana.azulay	Dana	Azulay	dana.azulay@test.com	f	t	2025-07-11 15:58:06.043625+00
33	pbkdf2_sha256$870000$R9Hlz7DDlWgpOzaXRyTaTb$dT9TeaR7X/IVi2pEa7n9RsQ6Ji9jsk3SOgy6LUX1kkQ=	\N	f	itai.shapiro	Itai	Shapiro	itai.shapiro@test.com	f	t	2025-07-11 15:58:06.218345+00
34	pbkdf2_sha256$870000$TVIOVYR14xSsX21CwF1lC2$P1I0WHVseihgTeXYyHUcG2TlPihMnJgMVV/iD3rfM1c=	\N	f	elior.weisman	Elior	Weisman	elior.weisman@test.com	f	t	2025-07-11 15:58:06.392542+00
35	pbkdf2_sha256$870000$RB7JUrno6xiyKRBC6flzoU$JWQrM3r2VXoNHqGAJtrR68YWH7XCiivXj66ndBht1z4=	\N	f	yael.baron	Yael	Bar-On	yael.baron@test.com	f	t	2025-07-11 15:58:06.570638+00
36	pbkdf2_sha256$870000$Mrxm9u3LiKV9ZSpcdDEF14$TFThGGzBHw+4D441MEiqZhhT1fTlbjZX3KRZU/XSoDg=	\N	f	gilad.friedman	Gilad	Friedman	gilad.friedman@test.com	f	t	2025-07-11 15:58:06.745439+00
\.


--
-- Data for Name: auth_user_groups; Type: TABLE DATA; Schema: public; Owner: myhours_user
--

COPY public.auth_user_groups (id, user_id, group_id) FROM stdin;
\.


--
-- Data for Name: auth_user_user_permissions; Type: TABLE DATA; Schema: public; Owner: myhours_user
--

COPY public.auth_user_user_permissions (id, user_id, permission_id) FROM stdin;
\.


--
-- Data for Name: authtoken_token; Type: TABLE DATA; Schema: public; Owner: myhours_user
--

COPY public.authtoken_token (key, created, user_id) FROM stdin;
\.


--
-- Data for Name: biometric_attempts; Type: TABLE DATA; Schema: public; Owner: myhours_user
--

COPY public.biometric_attempts (id, ip_address, attempts_count, last_attempt, blocked_until) FROM stdin;
\.


--
-- Data for Name: biometric_logs; Type: TABLE DATA; Schema: public; Owner: myhours_user
--

COPY public.biometric_logs (id, action, confidence_score, location, device_info, ip_address, success, error_message, processing_time_ms, created_at, employee_id) FROM stdin;
\.


--
-- Data for Name: biometric_profiles; Type: TABLE DATA; Schema: public; Owner: myhours_user
--

COPY public.biometric_profiles (id, embeddings_count, last_updated, is_active, mongodb_id, created_at, employee_id) FROM stdin;
\.


--
-- Data for Name: django_admin_log; Type: TABLE DATA; Schema: public; Owner: myhours_user
--

COPY public.django_admin_log (id, action_time, object_id, object_repr, action_flag, change_message, content_type_id, user_id) FROM stdin;
\.


--
-- Data for Name: django_content_type; Type: TABLE DATA; Schema: public; Owner: myhours_user
--

COPY public.django_content_type (id, app_label, model) FROM stdin;
1	admin	logentry
2	auth	permission
3	auth	group
4	auth	user
5	contenttypes	contenttype
6	sessions	session
7	authtoken	token
8	authtoken	tokenproxy
9	users	employee
10	users	devicetoken
11	users	biometricsession
12	users	tokenrefreshlog
13	users	employeeinvitation
14	worktime	worklog
15	payroll	salary
16	payroll	compensatoryday
17	biometrics	biometricattempt
18	biometrics	biometriclog
19	biometrics	biometricprofile
20	biometrics	facequalitycheck
21	integrations	holiday
\.


--
-- Data for Name: django_migrations; Type: TABLE DATA; Schema: public; Owner: myhours_user
--

COPY public.django_migrations (id, app, name, applied) FROM stdin;
1	contenttypes	0001_initial	2025-07-11 15:33:26.904763+00
2	auth	0001_initial	2025-07-11 15:33:26.93821+00
3	admin	0001_initial	2025-07-11 15:33:26.947117+00
4	admin	0002_logentry_remove_auto_add	2025-07-11 15:33:26.949614+00
5	admin	0003_logentry_add_action_flag_choices	2025-07-11 15:33:26.952138+00
6	contenttypes	0002_remove_content_type_name	2025-07-11 15:33:26.957901+00
7	auth	0002_alter_permission_name_max_length	2025-07-11 15:33:26.960783+00
8	auth	0003_alter_user_email_max_length	2025-07-11 15:33:26.963388+00
9	auth	0004_alter_user_username_opts	2025-07-11 15:33:26.965633+00
10	auth	0005_alter_user_last_login_null	2025-07-11 15:33:26.968986+00
11	auth	0006_require_contenttypes_0002	2025-07-11 15:33:26.969375+00
12	auth	0007_alter_validators_add_error_messages	2025-07-11 15:33:26.971723+00
13	auth	0008_alter_user_username_max_length	2025-07-11 15:33:26.976049+00
14	auth	0009_alter_user_last_name_max_length	2025-07-11 15:33:26.978808+00
15	auth	0010_alter_group_name_max_length	2025-07-11 15:33:26.982048+00
16	auth	0011_update_proxy_permissions	2025-07-11 15:33:26.984358+00
17	auth	0012_alter_user_first_name_max_length	2025-07-11 15:33:26.986889+00
18	authtoken	0001_initial	2025-07-11 15:33:26.993192+00
19	authtoken	0002_auto_20160226_1747	2025-07-11 15:33:27.001611+00
20	authtoken	0003_tokenproxy	2025-07-11 15:33:27.002398+00
21	authtoken	0004_alter_tokenproxy_options	2025-07-11 15:33:27.004769+00
22	users	0001_initial	2025-07-11 15:33:27.008881+00
23	users	0002_add_updated_at_field	2025-07-11 15:33:27.010493+00
24	users	0003_alter_employee_options_alter_employee_email_and_more	2025-07-11 15:33:27.015881+00
25	users	0004_employee_hourly_rate_employee_role_employee_user_and_more	2025-07-11 15:33:27.023523+00
26	biometrics	0001_initial	2025-07-11 15:33:27.052958+00
27	core	0001_initial	2025-07-11 15:33:27.059357+00
28	core	0002_salary	2025-07-11 15:33:27.063328+00
29	core	0003_employee_employment_type	2025-07-11 15:33:27.06511+00
30	core	0004_salary_employment_type	2025-07-11 15:33:27.067082+00
31	core	0005_remove_salary_employment_type	2025-07-11 15:33:27.068692+00
32	core	0006_remove_worklog_employee_delete_salary_and_more	2025-07-11 15:33:27.076306+00
33	integrations	0001_initial	2025-07-11 15:33:27.079395+00
34	integrations	0002_alter_holiday_options_alter_holiday_date	2025-07-11 15:33:27.081286+00
35	integrations	0003_holiday_end_time_holiday_start_time	2025-07-11 15:33:27.082901+00
36	integrations	0004_holiday_is_special_shabbat	2025-07-11 15:33:27.084016+00
37	payroll	0001_initial	2025-07-11 15:33:27.112294+00
38	payroll	0002_remove_salary_bonus_remove_salary_calculated_salary_and_more	2025-07-11 15:33:27.149156+00
39	payroll	0003_alter_compensatoryday_options_and_more	2025-07-11 15:33:27.154856+00
40	payroll	0004_alter_salary_base_salary_and_more	2025-07-11 15:33:27.161697+00
41	payroll	0005_fix_salary_field_validation	2025-07-11 15:33:27.171285+00
42	sessions	0001_initial	2025-07-11 15:33:27.175259+00
43	users	0005_add_enhanced_token_system	2025-07-11 15:33:27.201862+00
44	users	0006_alter_employee_user_employeeinvitation	2025-07-11 15:33:27.218502+00
45	worktime	0001_initial	2025-07-11 15:33:27.228601+00
46	worktime	0002_alter_worklog_options_worklog_is_approved_and_more	2025-07-11 15:33:27.270326+00
\.


--
-- Data for Name: django_session; Type: TABLE DATA; Schema: public; Owner: myhours_user
--

COPY public.django_session (session_key, session_data, expire_date) FROM stdin;
d6hx7uwsuqgebykxoj7znsmsr1lbjdnk	.eJxVjDkOwjAUBe_iGlmO10BJnzNYf7FxANlSnFSIu0OkFNC-mXkvEWFbS9x6WuLM4iIGcfrdEOiR6g74DvXWJLW6LjPKXZEH7XJqnJ7Xw_07KNDLt8bgs7d8zpoMWwwMNJpApDA5tFohZgdm1MTkWYHH7L2FHNQALoGz4v0BEUw5EA:1uaGHQ:uoYde1rN3QUASJcwMB804VGQlobRmYIwd2xXUCTWjk8	2025-07-12 16:07:20.205383+00
\.


--
-- Data for Name: face_quality_checks; Type: TABLE DATA; Schema: public; Owner: myhours_user
--

COPY public.face_quality_checks (id, face_detected, face_count, brightness_score, blur_score, face_size_ratio, eye_visibility, created_at, biometric_log_id) FROM stdin;
\.


--
-- Data for Name: integrations_holiday; Type: TABLE DATA; Schema: public; Owner: myhours_user
--

COPY public.integrations_holiday (id, date, name, is_shabbat, is_holiday, end_time, start_time, is_special_shabbat) FROM stdin;
\.


--
-- Data for Name: payroll_compensatoryday; Type: TABLE DATA; Schema: public; Owner: myhours_user
--

COPY public.payroll_compensatoryday (id, date_earned, reason, date_used, created_at, employee_id) FROM stdin;
1	2025-06-21	shabbat	\N	2025-07-11 16:02:39.28699+00	29
2	2025-06-28	shabbat	\N	2025-07-11 16:02:39.31526+00	29
3	2025-07-05	shabbat	\N	2025-07-11 16:02:39.337191+00	29
4	2025-06-21	shabbat	\N	2025-07-11 16:02:39.359349+00	30
5	2025-06-28	shabbat	\N	2025-07-11 16:02:39.423974+00	30
6	2025-07-05	shabbat	\N	2025-07-11 16:02:39.441759+00	30
7	2025-06-20	shabbat	\N	2025-07-11 16:02:39.537594+00	33
8	2025-06-27	shabbat	\N	2025-07-11 16:02:39.551095+00	33
9	2025-07-04	shabbat	\N	2025-07-11 16:02:39.563135+00	33
10	2025-07-11	shabbat	\N	2025-07-11 16:02:39.575521+00	33
11	2025-06-21	shabbat	\N	2025-07-11 16:02:39.651242+00	36
12	2025-06-28	shabbat	\N	2025-07-11 16:02:39.668614+00	36
13	2025-07-05	shabbat	\N	2025-07-11 16:02:39.688357+00	36
\.


--
-- Data for Name: payroll_salary; Type: TABLE DATA; Schema: public; Owner: myhours_user
--

COPY public.payroll_salary (id, base_salary, hourly_rate, updated_at, currency, employee_id, calculation_type, created_at, project_completed, project_end_date, project_start_date) FROM stdin;
21	25000.00	\N	2025-07-11 15:58:05.684997+00	ILS	29	monthly	2025-07-11 15:58:05.684993+00	f	\N	\N
22	22000.00	\N	2025-07-11 15:58:05.862952+00	ILS	30	monthly	2025-07-11 15:58:05.862949+00	f	\N	\N
23	\N	120.00	2025-07-11 15:58:06.043027+00	ILS	31	hourly	2025-07-11 15:58:06.043023+00	f	\N	\N
24	\N	95.00	2025-07-11 15:58:06.217776+00	ILS	32	hourly	2025-07-11 15:58:06.217773+00	f	\N	\N
25	\N	110.00	2025-07-11 15:58:06.391974+00	ILS	33	hourly	2025-07-11 15:58:06.391971+00	f	\N	\N
26	25000.00	\N	2025-07-11 15:58:06.570071+00	ILS	34	monthly	2025-07-11 15:58:06.570068+00	f	\N	\N
27	\N	180.00	2025-07-11 15:58:06.744883+00	ILS	35	hourly	2025-07-11 15:58:06.74488+00	f	\N	\N
28	16000.00	\N	2025-07-11 15:58:06.919321+00	ILS	36	monthly	2025-07-11 15:58:06.919318+00	f	\N	\N
29	\N	140.00	2025-07-11 15:58:07.120325+00	ILS	37	hourly	2025-07-11 15:58:07.120322+00	f	\N	\N
30	\N	45.00	2025-07-11 15:58:07.314621+00	ILS	38	hourly	2025-07-11 15:58:07.314618+00	f	\N	\N
\.


--
-- Data for Name: users_biometricsession; Type: TABLE DATA; Schema: public; Owner: myhours_user
--

COPY public.users_biometricsession (id, session_id, verification_method, confidence_score, quality_score, started_at, expires_at, is_active, location, ip_address, device_token_id) FROM stdin;
\.


--
-- Data for Name: users_devicetoken; Type: TABLE DATA; Schema: public; Owner: myhours_user
--

COPY public.users_devicetoken (id, token, device_id, device_info, created_at, last_used, expires_at, is_active, last_ip, last_location, usage_count, biometric_verified, biometric_verified_at, user_id) FROM stdin;
\.


--
-- Data for Name: users_employee; Type: TABLE DATA; Schema: public; Owner: myhours_user
--

COPY public.users_employee (id, first_name, last_name, email, phone, is_active, created_at, employment_type, updated_at, hourly_rate, role, user_id) FROM stdin;
1	Admin	User	admin@example.com	\N	t	2025-07-11 15:39:04.287767+00	full_time	2025-07-11 15:39:04.287773+00	100.00	admin	1
31	Yosef	Abramov	yosef.abramov@test.com	\N	t	2025-07-11 15:58:06.041778+00	hourly	2025-07-11 15:58:06.041783+00	120.00	employee	31
32	Dana	Azulay	dana.azulay@test.com	\N	t	2025-07-11 15:58:06.216584+00	hourly	2025-07-11 15:58:06.216587+00	95.00	employee	32
33	Itai	Shapiro	itai.shapiro@test.com	\N	t	2025-07-11 15:58:06.390894+00	hourly	2025-07-11 15:58:06.390897+00	110.00	employee	33
35	Yael	Bar-On	yael.baron@test.com	\N	t	2025-07-11 15:58:06.743835+00	hourly	2025-07-11 15:58:06.743838+00	180.00	employee	35
37	Maya	Shechter	maya.shechter@test.com	\N	t	2025-07-11 15:58:07.119162+00	hourly	2025-07-11 15:58:07.119171+00	140.00	employee	37
38	Omer	Klein	omer.klein@test.com	\N	t	2025-07-11 15:58:07.313406+00	hourly	2025-07-11 15:58:07.313411+00	45.00	employee	38
29	Leah	Ben-Ami	leah.benami@test.com	\N	t	2025-07-11 15:58:05.679364+00	full_time	2025-07-11 15:58:24.606422+00	100.00	admin	29
36	Gilad	Friedman	gilad.friedman@test.com	\N	t	2025-07-11 15:58:06.918242+00	full_time	2025-07-11 15:58:24.607674+00	100.00	employee	36
30	Noam	Peretz	noam.peretz@test.com	\N	t	2025-07-11 15:58:05.861684+00	full_time	2025-07-11 15:58:24.608665+00	100.00	accountant	30
34	Elior	Weisman	elior.weisman@test.com	\N	t	2025-07-11 15:58:06.568865+00	full_time	2025-07-11 15:58:24.609559+00	100.00	employee	34
\.


--
-- Data for Name: users_employeeinvitation; Type: TABLE DATA; Schema: public; Owner: myhours_user
--

COPY public.users_employeeinvitation (id, token, created_at, expires_at, accepted_at, email_sent, email_sent_at, employee_id, invited_by_id) FROM stdin;
\.


--
-- Data for Name: users_tokenrefreshlog; Type: TABLE DATA; Schema: public; Owner: myhours_user
--

COPY public.users_tokenrefreshlog (id, old_expires_at, new_expires_at, refreshed_at, ip_address, user_agent, device_token_id) FROM stdin;
\.


--
-- Data for Name: worktime_worklog; Type: TABLE DATA; Schema: public; Owner: myhours_user
--

COPY public.worktime_worklog (id, check_in, check_out, created_at, location_check_in, location_check_out, employee_id, is_approved, notes, updated_at) FROM stdin;
11	2025-06-20 09:08:47+00	2025-06-20 17:34:47+00	2025-07-11 16:02:39.272328+00	Office - Floor 3	Office Tel Aviv	29	t	Generated test data - sabbath_worker pattern	2025-07-11 16:02:39.272331+00
12	2025-06-21 09:37:37+00	2025-06-21 15:37:37+00	2025-07-11 16:02:39.282878+00	Office Tel Aviv	Office Tel Aviv	29	t	Generated test data - sabbath_worker pattern	2025-07-11 16:02:39.282886+00
13	2025-06-22 09:31:23+00	2025-06-22 19:50:23+00	2025-07-11 16:02:39.290954+00	Office Main Building	Office Tel Aviv	29	t	Generated test data - sabbath_worker pattern	2025-07-11 16:02:39.290959+00
14	2025-06-23 09:40:51+00	2025-06-23 18:21:51+00	2025-07-11 16:02:39.295347+00	Office Tel Aviv	Office Tel Aviv	29	t	Generated test data - sabbath_worker pattern	2025-07-11 16:02:39.29535+00
15	2025-06-24 09:14:21+00	2025-06-24 17:54:21+00	2025-07-11 16:02:39.299498+00	Office Main Building	Office Main Building	29	t	Generated test data - sabbath_worker pattern	2025-07-11 16:02:39.299501+00
16	2025-06-25 09:39:04+00	2025-06-25 18:14:04+00	2025-07-11 16:02:39.304537+00	Office Tel Aviv	Office Tel Aviv	29	t	Generated test data - sabbath_worker pattern	2025-07-11 16:02:39.30454+00
17	2025-06-26 09:00:11+00	2025-06-26 17:16:11+00	2025-07-11 16:02:39.307327+00	Office Main Building	Office Main Building	29	t	Generated test data - sabbath_worker pattern	2025-07-11 16:02:39.307329+00
18	2025-06-27 09:26:30+00	2025-06-27 18:02:30+00	2025-07-11 16:02:39.310178+00	Office Main Building	Office Tel Aviv	29	t	Generated test data - sabbath_worker pattern	2025-07-11 16:02:39.31018+00
19	2025-06-28 09:38:08+00	2025-06-28 20:20:08+00	2025-07-11 16:02:39.312728+00	Office Tel Aviv	Office Tel Aviv	29	t	Generated test data - sabbath_worker pattern	2025-07-11 16:02:39.31273+00
20	2025-06-29 09:26:09+00	2025-06-29 19:42:09+00	2025-07-11 16:02:39.316371+00	Office Tel Aviv	Office Main Building	29	t	Generated test data - sabbath_worker pattern	2025-07-11 16:02:39.316374+00
21	2025-06-30 09:44:08+00	2025-06-30 18:02:08+00	2025-07-11 16:02:39.318927+00	Office Tel Aviv	Office Main Building	29	t	Generated test data - sabbath_worker pattern	2025-07-11 16:02:39.318929+00
22	2025-07-01 09:27:39+00	2025-07-01 18:00:39+00	2025-07-11 16:02:39.321277+00	Office Tel Aviv	Office Main Building	29	t	Generated test data - sabbath_worker pattern	2025-07-11 16:02:39.321279+00
23	2025-07-02 09:11:41+00	2025-07-02 17:50:41+00	2025-07-11 16:02:39.323949+00	Office Main Building	Office Main Building	29	t	Generated test data - sabbath_worker pattern	2025-07-11 16:02:39.323951+00
24	2025-07-03 09:45:17+00	2025-07-03 18:06:17+00	2025-07-11 16:02:39.326604+00	Office - Floor 3	Office Main Building	29	t	Generated test data - sabbath_worker pattern	2025-07-11 16:02:39.326606+00
25	2025-07-04 09:45:37+00	2025-07-04 18:17:37+00	2025-07-11 16:02:39.33114+00	Office - Floor 3	Office Tel Aviv	29	t	Generated test data - sabbath_worker pattern	2025-07-11 16:02:39.33115+00
26	2025-07-05 09:17:32+00	2025-07-05 15:09:32+00	2025-07-11 16:02:39.335313+00	Office Main Building	Office Main Building	29	t	Generated test data - sabbath_worker pattern	2025-07-11 16:02:39.335316+00
27	2025-07-06 09:27:20+00	2025-07-06 18:04:20+00	2025-07-11 16:02:39.338382+00	Office Main Building	Office - Floor 3	29	t	Generated test data - sabbath_worker pattern	2025-07-11 16:02:39.338384+00
28	2025-07-07 09:03:42+00	2025-07-07 17:34:42+00	2025-07-11 16:02:39.340752+00	Office - Floor 3	Office Main Building	29	t	Generated test data - sabbath_worker pattern	2025-07-11 16:02:39.340754+00
29	2025-07-08 09:17:28+00	2025-07-08 17:48:28+00	2025-07-11 16:02:39.343307+00	Office Tel Aviv	Office Main Building	29	t	Generated test data - sabbath_worker pattern	2025-07-11 16:02:39.343309+00
30	2025-07-09 09:15:33+00	2025-07-09 17:38:33+00	2025-07-11 16:02:39.346198+00	Office Main Building	Office Tel Aviv	29	t	Generated test data - sabbath_worker pattern	2025-07-11 16:02:39.346201+00
31	2025-07-10 09:04:08+00	2025-07-10 17:28:08+00	2025-07-11 16:02:39.349199+00	Office Main Building	Office - Floor 3	29	t	Generated test data - sabbath_worker pattern	2025-07-11 16:02:39.349201+00
33	2025-06-20 08:06:29+00	2025-06-20 16:38:29+00	2025-07-11 16:02:39.354803+00	Office Main Building	Office Main Building	30	t	Generated test data - flexible_hours pattern	2025-07-11 16:02:39.354805+00
34	2025-06-21 13:12:52+00	2025-06-21 18:59:52+00	2025-07-11 16:02:39.357686+00	Office - Floor 3	Office Main Building	30	t	Generated test data - flexible_hours pattern	2025-07-11 16:02:39.357688+00
35	2025-06-22 07:11:08+00	2025-06-22 17:32:08+00	2025-07-11 16:02:39.360214+00	Office Tel Aviv	Office Tel Aviv	30	t	Generated test data - flexible_hours pattern	2025-07-11 16:02:39.360216+00
36	2025-06-23 07:35:13+00	2025-06-23 19:51:13+00	2025-07-11 16:02:39.362613+00	Office Tel Aviv	Office - Floor 3	30	t	Generated test data - flexible_hours pattern	2025-07-11 16:02:39.362616+00
37	2025-06-24 09:42:13+00	2025-06-24 18:19:13+00	2025-07-11 16:02:39.365995+00	Office Tel Aviv	Office - Floor 3	30	t	Generated test data - flexible_hours pattern	2025-07-11 16:02:39.365998+00
38	2025-06-25 09:20:45+00	2025-06-25 18:01:45+00	2025-07-11 16:02:39.405592+00	Office Main Building	Office Main Building	30	t	Generated test data - flexible_hours pattern	2025-07-11 16:02:39.405596+00
39	2025-06-26 08:26:21+00	2025-06-26 16:43:21+00	2025-07-11 16:02:39.413422+00	Office Tel Aviv	Office - Floor 3	30	t	Generated test data - flexible_hours pattern	2025-07-11 16:02:39.41343+00
40	2025-06-27 08:35:12+00	2025-06-27 19:17:12+00	2025-07-11 16:02:39.418824+00	Office - Floor 3	Office Tel Aviv	30	t	Generated test data - flexible_hours pattern	2025-07-11 16:02:39.418827+00
41	2025-06-28 13:43:10+00	2025-06-28 17:42:10+00	2025-07-11 16:02:39.421606+00	Office Main Building	Office Tel Aviv	30	t	Generated test data - flexible_hours pattern	2025-07-11 16:02:39.421608+00
42	2025-06-29 09:35:41+00	2025-06-29 17:54:41+00	2025-07-11 16:02:39.425213+00	Office - Floor 3	Office Main Building	30	t	Generated test data - flexible_hours pattern	2025-07-11 16:02:39.425215+00
43	2025-06-30 10:08:07+00	2025-06-30 18:40:07+00	2025-07-11 16:02:39.427674+00	Office Main Building	Office - Floor 3	30	t	Generated test data - flexible_hours pattern	2025-07-11 16:02:39.427677+00
44	2025-07-01 13:29:56+00	2025-07-01 19:38:56+00	2025-07-11 16:02:39.43069+00	Office Main Building	Office Main Building	30	t	Generated test data - flexible_hours pattern	2025-07-11 16:02:39.430693+00
45	2025-07-03 07:27:50+00	2025-07-03 17:49:50+00	2025-07-11 16:02:39.43308+00	Office Tel Aviv	Office - Floor 3	30	t	Generated test data - flexible_hours pattern	2025-07-11 16:02:39.433083+00
46	2025-07-04 08:43:53+00	2025-07-04 21:13:53+00	2025-07-11 16:02:39.436887+00	Office Main Building	Office Main Building	30	t	Generated test data - flexible_hours pattern	2025-07-11 16:02:39.43689+00
47	2025-07-05 10:40:59+00	2025-07-05 16:44:59+00	2025-07-11 16:02:39.439933+00	Office Main Building	Office - Floor 3	30	t	Generated test data - flexible_hours pattern	2025-07-11 16:02:39.439935+00
48	2025-07-06 08:40:32+00	2025-07-06 16:55:32+00	2025-07-11 16:02:39.44272+00	Office - Floor 3	Office - Floor 3	30	t	Generated test data - flexible_hours pattern	2025-07-11 16:02:39.442722+00
49	2025-07-07 08:09:31+00	2025-07-07 16:37:31+00	2025-07-11 16:02:39.445169+00	Office Main Building	Office Main Building	30	t	Generated test data - flexible_hours pattern	2025-07-11 16:02:39.445172+00
50	2025-07-08 09:08:41+00	2025-07-08 17:36:41+00	2025-07-11 16:02:39.448288+00	Office Main Building	Office Tel Aviv	30	t	Generated test data - flexible_hours pattern	2025-07-11 16:02:39.448291+00
51	2025-07-09 11:41:46+00	2025-07-09 17:50:46+00	2025-07-11 16:02:39.451053+00	Office - Floor 3	Office Tel Aviv	30	t	Generated test data - flexible_hours pattern	2025-07-11 16:02:39.451055+00
52	2025-07-10 10:35:14+00	2025-07-10 19:06:14+00	2025-07-11 16:02:39.453461+00	Office Main Building	Office Tel Aviv	30	t	Generated test data - flexible_hours pattern	2025-07-11 16:02:39.453463+00
54	2025-06-20 08:23:48+00	2025-06-20 16:55:48+00	2025-07-11 16:02:39.459185+00	Office Main Building	Office Tel Aviv	31	t	Generated test data - overtime_lover pattern	2025-07-11 16:02:39.459188+00
55	2025-06-23 08:27:51+00	2025-06-23 18:01:51+00	2025-07-11 16:02:39.462184+00	Office Main Building	Office Main Building	31	t	Generated test data - overtime_lover pattern	2025-07-11 16:02:39.462186+00
56	2025-06-24 08:01:24+00	2025-06-24 19:27:24+00	2025-07-11 16:02:39.464976+00	Office Tel Aviv	Office Main Building	31	t	Generated test data - overtime_lover pattern	2025-07-11 16:02:39.464979+00
57	2025-06-25 08:41:36+00	2025-06-25 20:00:36+00	2025-07-11 16:02:39.467772+00	Office - Floor 3	Office Tel Aviv	31	t	Generated test data - overtime_lover pattern	2025-07-11 16:02:39.467774+00
58	2025-06-26 08:27:40+00	2025-06-26 19:59:40+00	2025-07-11 16:02:39.470448+00	Office Main Building	Office Tel Aviv	31	t	Generated test data - overtime_lover pattern	2025-07-11 16:02:39.47045+00
59	2025-06-27 08:00:58+00	2025-06-27 18:17:58+00	2025-07-11 16:02:39.473286+00	Office - Floor 3	Office - Floor 3	31	t	Generated test data - overtime_lover pattern	2025-07-11 16:02:39.473288+00
60	2025-06-30 08:45:28+00	2025-06-30 17:30:28+00	2025-07-11 16:02:39.475825+00	Office - Floor 3	Office Main Building	31	t	Generated test data - overtime_lover pattern	2025-07-11 16:02:39.475827+00
61	2025-07-01 08:18:35+00	2025-07-01 18:59:35+00	2025-07-11 16:02:39.478821+00	Office Tel Aviv	Office - Floor 3	31	t	Generated test data - overtime_lover pattern	2025-07-11 16:02:39.478824+00
62	2025-07-02 08:18:40+00	2025-07-02 20:46:40+00	2025-07-11 16:02:39.48206+00	Office Tel Aviv	Office Main Building	31	t	Generated test data - overtime_lover pattern	2025-07-11 16:02:39.482062+00
63	2025-07-03 08:02:51+00	2025-07-03 19:25:51+00	2025-07-11 16:02:39.484622+00	Office - Floor 3	Office Main Building	31	t	Generated test data - overtime_lover pattern	2025-07-11 16:02:39.484624+00
64	2025-07-04 08:19:46+00	2025-07-04 18:01:46+00	2025-07-11 16:02:39.48691+00	Office Main Building	Office Main Building	31	t	Generated test data - overtime_lover pattern	2025-07-11 16:02:39.486913+00
65	2025-07-07 08:31:33+00	2025-07-07 17:07:33+00	2025-07-11 16:02:39.489338+00	Office - Floor 3	Office - Floor 3	31	t	Generated test data - overtime_lover pattern	2025-07-11 16:02:39.48934+00
66	2025-07-08 08:12:20+00	2025-07-08 18:42:20+00	2025-07-11 16:02:39.491752+00	Office Tel Aviv	Office Tel Aviv	31	t	Generated test data - overtime_lover pattern	2025-07-11 16:02:39.491754+00
67	2025-07-09 08:10:44+00	2025-07-09 19:31:44+00	2025-07-11 16:02:39.494622+00	Office Tel Aviv	Office - Floor 3	31	t	Generated test data - overtime_lover pattern	2025-07-11 16:02:39.494624+00
68	2025-07-10 08:36:29+00	2025-07-10 21:08:29+00	2025-07-11 16:02:39.496889+00	Office Main Building	Office Tel Aviv	31	t	Generated test data - overtime_lover pattern	2025-07-11 16:02:39.496891+00
70	2025-06-23 09:31:19+00	2025-06-23 18:00:19+00	2025-07-11 16:02:39.503133+00	Office Main Building	Office Main Building	32	t	Generated test data - part_time pattern	2025-07-11 16:02:39.503135+00
71	2025-06-24 09:32:39+00	2025-06-24 17:53:39+00	2025-07-11 16:02:39.506167+00	Office - Floor 3	Office - Floor 3	32	t	Generated test data - part_time pattern	2025-07-11 16:02:39.50617+00
72	2025-06-25 09:05:31+00	2025-06-25 17:33:31+00	2025-07-11 16:02:39.508907+00	Office Main Building	Office Main Building	32	t	Generated test data - part_time pattern	2025-07-11 16:02:39.508909+00
73	2025-06-26 09:39:07+00	2025-06-26 18:04:07+00	2025-07-11 16:02:39.511516+00	Office Tel Aviv	Office Tel Aviv	32	t	Generated test data - part_time pattern	2025-07-11 16:02:39.511519+00
74	2025-06-30 09:38:46+00	2025-06-30 18:22:46+00	2025-07-11 16:02:39.513713+00	Office Tel Aviv	Office Tel Aviv	32	t	Generated test data - part_time pattern	2025-07-11 16:02:39.513715+00
75	2025-07-01 09:35:42+00	2025-07-01 18:20:42+00	2025-07-11 16:02:39.516509+00	Office - Floor 3	Office Tel Aviv	32	t	Generated test data - part_time pattern	2025-07-11 16:02:39.516511+00
76	2025-07-02 09:08:33+00	2025-07-02 17:26:33+00	2025-07-11 16:02:39.518809+00	Office Main Building	Office - Floor 3	32	t	Generated test data - part_time pattern	2025-07-11 16:02:39.518811+00
77	2025-07-03 09:00:12+00	2025-07-03 17:34:12+00	2025-07-11 16:02:39.521183+00	Office Main Building	Office - Floor 3	32	t	Generated test data - part_time pattern	2025-07-11 16:02:39.521185+00
78	2025-07-07 09:07:52+00	2025-07-07 17:41:52+00	2025-07-11 16:02:39.52363+00	Office - Floor 3	Office - Floor 3	32	t	Generated test data - part_time pattern	2025-07-11 16:02:39.523632+00
79	2025-07-08 09:17:45+00	2025-07-08 17:43:45+00	2025-07-11 16:02:39.526357+00	Office Tel Aviv	Office Tel Aviv	32	t	Generated test data - part_time pattern	2025-07-11 16:02:39.526359+00
80	2025-07-09 09:14:20+00	2025-07-09 17:42:20+00	2025-07-11 16:02:39.528962+00	Office Tel Aviv	Office Tel Aviv	32	t	Generated test data - part_time pattern	2025-07-11 16:02:39.528964+00
81	2025-07-10 09:42:55+00	2025-07-10 18:09:55+00	2025-07-11 16:02:39.531988+00	Office - Floor 3	Office - Floor 3	32	t	Generated test data - part_time pattern	2025-07-11 16:02:39.53199+00
82	2025-06-20 22:30:29+00	2025-06-21 07:11:29+00	2025-07-11 16:02:39.535151+00	Office - Night Shift	Office - Night Shift	33	t	Generated test data - night_shifts pattern	2025-07-11 16:02:39.535153+00
83	2025-06-23 23:44:34+00	2025-06-24 08:04:34+00	2025-07-11 16:02:39.538755+00	Office - Night Shift	Office - Night Shift	33	t	Generated test data - night_shifts pattern	2025-07-11 16:02:39.538757+00
84	2025-06-24 23:00:56+00	2025-06-25 07:23:56+00	2025-07-11 16:02:39.540917+00	Office - Night Shift	Office - Night Shift	33	t	Generated test data - night_shifts pattern	2025-07-11 16:02:39.540919+00
85	2025-06-25 22:11:35+00	2025-06-26 06:37:35+00	2025-07-11 16:02:39.54336+00	Office - Night Shift	Office - Night Shift	33	t	Generated test data - night_shifts pattern	2025-07-11 16:02:39.543363+00
86	2025-06-26 22:22:32+00	2025-06-27 06:50:32+00	2025-07-11 16:02:39.545693+00	Office - Night Shift	Office - Night Shift	33	t	Generated test data - night_shifts pattern	2025-07-11 16:02:39.545695+00
87	2025-06-27 23:05:52+00	2025-06-28 07:48:52+00	2025-07-11 16:02:39.548617+00	Office - Night Shift	Office - Night Shift	33	t	Generated test data - night_shifts pattern	2025-07-11 16:02:39.54862+00
88	2025-06-30 23:40:15+00	2025-07-01 08:17:15+00	2025-07-11 16:02:39.552162+00	Office - Night Shift	Office - Night Shift	33	t	Generated test data - night_shifts pattern	2025-07-11 16:02:39.552165+00
89	2025-07-01 22:29:18+00	2025-07-02 07:06:18+00	2025-07-11 16:02:39.554284+00	Office - Night Shift	Office - Night Shift	33	t	Generated test data - night_shifts pattern	2025-07-11 16:02:39.554286+00
90	2025-07-02 22:10:48+00	2025-07-03 06:54:48+00	2025-07-11 16:02:39.556564+00	Office - Night Shift	Office - Night Shift	33	t	Generated test data - night_shifts pattern	2025-07-11 16:02:39.556566+00
91	2025-07-03 22:04:50+00	2025-07-04 06:45:50+00	2025-07-11 16:02:39.558694+00	Office - Night Shift	Office - Night Shift	33	t	Generated test data - night_shifts pattern	2025-07-11 16:02:39.558696+00
92	2025-07-04 22:30:38+00	2025-07-05 07:02:38+00	2025-07-11 16:02:39.561178+00	Office - Night Shift	Office - Night Shift	33	t	Generated test data - night_shifts pattern	2025-07-11 16:02:39.56118+00
93	2025-07-07 23:39:38+00	2025-07-08 08:08:38+00	2025-07-11 16:02:39.564183+00	Office - Night Shift	Office - Night Shift	33	t	Generated test data - night_shifts pattern	2025-07-11 16:02:39.564185+00
94	2025-07-08 22:22:53+00	2025-07-09 06:55:53+00	2025-07-11 16:02:39.56632+00	Office - Night Shift	Office - Night Shift	33	t	Generated test data - night_shifts pattern	2025-07-11 16:02:39.566322+00
95	2025-07-09 23:27:42+00	2025-07-10 07:49:42+00	2025-07-11 16:02:39.568796+00	Office - Night Shift	Office - Night Shift	33	t	Generated test data - night_shifts pattern	2025-07-11 16:02:39.568798+00
96	2025-07-10 22:13:57+00	2025-07-11 06:32:57+00	2025-07-11 16:02:39.571076+00	Office - Night Shift	Office - Night Shift	33	t	Generated test data - night_shifts pattern	2025-07-11 16:02:39.571078+00
98	2025-06-20 08:20:38+00	2025-06-20 22:55:38+00	2025-07-11 16:02:39.576707+00	Client Site - Jerusalem	Hotel - Business Trip	34	t	Generated test data - business_trips pattern	2025-07-11 16:02:39.57671+00
99	2025-06-23 09:31:52+00	2025-06-23 17:50:52+00	2025-07-11 16:02:39.579343+00	Client Site - Tel Aviv	Hotel - Business Trip	34	t	Generated test data - business_trips pattern	2025-07-11 16:02:39.579345+00
100	2025-06-25 08:08:14+00	2025-06-25 18:24:14+00	2025-07-11 16:02:39.582374+00	Client Site - Jerusalem	Client Site - Jerusalem	34	t	Generated test data - business_trips pattern	2025-07-11 16:02:39.582376+00
101	2025-06-27 09:10:25+00	2025-06-27 17:42:25+00	2025-07-11 16:02:39.584988+00	Client Site - Jerusalem	Client Site - Jerusalem	34	t	Generated test data - business_trips pattern	2025-07-11 16:02:39.58499+00
102	2025-06-30 08:24:46+00	2025-06-30 20:43:46+00	2025-07-11 16:02:39.587335+00	Client Site - Tel Aviv	Client Site - Tel Aviv	34	t	Generated test data - business_trips pattern	2025-07-11 16:02:39.587337+00
103	2025-07-01 09:22:02+00	2025-07-01 17:42:02+00	2025-07-11 16:02:39.589597+00	Client Site - Jerusalem	Client Site - Jerusalem	34	t	Generated test data - business_trips pattern	2025-07-11 16:02:39.589599+00
104	2025-07-02 08:37:46+00	2025-07-02 21:04:46+00	2025-07-11 16:02:39.591973+00	Client Site - Tel Aviv	Client Site - Tel Aviv	34	t	Generated test data - business_trips pattern	2025-07-11 16:02:39.591975+00
105	2025-07-04 09:03:41+00	2025-07-04 17:48:41+00	2025-07-11 16:02:39.594477+00	Hotel - Business Trip	Client Site - Tel Aviv	34	t	Generated test data - business_trips pattern	2025-07-11 16:02:39.59448+00
106	2025-07-07 08:30:50+00	2025-07-07 23:06:50+00	2025-07-11 16:02:39.597261+00	Client Site - Tel Aviv	Client Site - Tel Aviv	34	t	Generated test data - business_trips pattern	2025-07-11 16:02:39.597263+00
107	2025-07-08 09:24:51+00	2025-07-08 17:40:51+00	2025-07-11 16:02:39.600434+00	Hotel - Business Trip	Client Site - Jerusalem	34	t	Generated test data - business_trips pattern	2025-07-11 16:02:39.600436+00
109	2025-06-20 08:40:07+00	2025-06-20 18:13:07+00	2025-07-11 16:02:39.605961+00	Office Tel Aviv	Office Tel Aviv	35	t	Generated test data - overtime_lover pattern	2025-07-11 16:02:39.605964+00
110	2025-06-23 08:37:50+00	2025-06-23 17:20:50+00	2025-07-11 16:02:39.608541+00	Office - Floor 3	Office Main Building	35	t	Generated test data - overtime_lover pattern	2025-07-11 16:02:39.608544+00
111	2025-06-24 08:25:50+00	2025-06-24 21:03:50+00	2025-07-11 16:02:39.610648+00	Office Main Building	Office - Floor 3	35	t	Generated test data - overtime_lover pattern	2025-07-11 16:02:39.61065+00
112	2025-06-25 08:30:07+00	2025-06-25 19:55:07+00	2025-07-11 16:02:39.61312+00	Office - Floor 3	Office Tel Aviv	35	t	Generated test data - overtime_lover pattern	2025-07-11 16:02:39.613122+00
113	2025-06-26 08:14:08+00	2025-06-26 20:48:08+00	2025-07-11 16:02:39.615844+00	Office - Floor 3	Office - Floor 3	35	t	Generated test data - overtime_lover pattern	2025-07-11 16:02:39.615847+00
114	2025-06-27 08:29:28+00	2025-06-27 17:03:28+00	2025-07-11 16:02:39.618511+00	Office - Floor 3	Office Tel Aviv	35	t	Generated test data - overtime_lover pattern	2025-07-11 16:02:39.618513+00
115	2025-06-30 08:44:04+00	2025-06-30 19:23:04+00	2025-07-11 16:02:39.620764+00	Office - Floor 3	Office Main Building	35	t	Generated test data - overtime_lover pattern	2025-07-11 16:02:39.620767+00
116	2025-07-01 08:10:45+00	2025-07-01 20:34:45+00	2025-07-11 16:02:39.623092+00	Office Tel Aviv	Office Tel Aviv	35	t	Generated test data - overtime_lover pattern	2025-07-11 16:02:39.623094+00
117	2025-07-02 08:10:37+00	2025-07-02 20:46:37+00	2025-07-11 16:02:39.625582+00	Office - Floor 3	Office Main Building	35	t	Generated test data - overtime_lover pattern	2025-07-11 16:02:39.625584+00
118	2025-07-03 08:34:29+00	2025-07-03 18:52:29+00	2025-07-11 16:02:39.628203+00	Office Main Building	Office Tel Aviv	35	t	Generated test data - overtime_lover pattern	2025-07-11 16:02:39.628205+00
119	2025-07-04 08:09:44+00	2025-07-04 18:52:44+00	2025-07-11 16:02:39.630405+00	Office - Floor 3	Office Main Building	35	t	Generated test data - overtime_lover pattern	2025-07-11 16:02:39.630408+00
120	2025-07-07 08:36:31+00	2025-07-07 17:00:31+00	2025-07-11 16:02:39.633556+00	Office Main Building	Office - Floor 3	35	t	Generated test data - overtime_lover pattern	2025-07-11 16:02:39.633558+00
121	2025-07-08 08:04:44+00	2025-07-08 19:37:44+00	2025-07-11 16:02:39.636037+00	Office - Floor 3	Office Tel Aviv	35	t	Generated test data - overtime_lover pattern	2025-07-11 16:02:39.636039+00
122	2025-07-09 08:19:47+00	2025-07-09 18:38:47+00	2025-07-11 16:02:39.638518+00	Office Tel Aviv	Office Main Building	35	t	Generated test data - overtime_lover pattern	2025-07-11 16:02:39.63852+00
123	2025-07-10 08:33:18+00	2025-07-10 20:12:18+00	2025-07-11 16:02:39.640832+00	Office Tel Aviv	Office - Floor 3	35	t	Generated test data - overtime_lover pattern	2025-07-11 16:02:39.640834+00
125	2025-06-20 10:36:06+00	2025-06-20 18:51:06+00	2025-07-11 16:02:39.645985+00	Office Tel Aviv	Office Tel Aviv	36	t	Generated test data - flexible_hours pattern	2025-07-11 16:02:39.645987+00
126	2025-06-21 10:22:56+00	2025-06-21 14:08:56+00	2025-07-11 16:02:39.649393+00	Office Tel Aviv	Office Main Building	36	t	Generated test data - flexible_hours pattern	2025-07-11 16:02:39.649396+00
127	2025-06-22 10:42:36+00	2025-06-22 14:42:36+00	2025-07-11 16:02:39.652223+00	Office Main Building	Office Main Building	36	t	Generated test data - flexible_hours pattern	2025-07-11 16:02:39.652225+00
128	2025-06-23 11:32:25+00	2025-06-23 17:27:25+00	2025-07-11 16:02:39.654533+00	Office Main Building	Office Tel Aviv	36	t	Generated test data - flexible_hours pattern	2025-07-11 16:02:39.654535+00
129	2025-06-24 10:38:27+00	2025-06-24 16:34:27+00	2025-07-11 16:02:39.656825+00	Office Main Building	Office Main Building	36	t	Generated test data - flexible_hours pattern	2025-07-11 16:02:39.656827+00
130	2025-06-25 07:23:51+00	2025-06-25 17:53:51+00	2025-07-11 16:02:39.658745+00	Office Tel Aviv	Office Main Building	36	t	Generated test data - flexible_hours pattern	2025-07-11 16:02:39.658747+00
131	2025-06-26 11:42:28+00	2025-06-26 15:30:28+00	2025-07-11 16:02:39.660946+00	Office Main Building	Office Tel Aviv	36	t	Generated test data - flexible_hours pattern	2025-07-11 16:02:39.660948+00
132	2025-06-27 08:41:58+00	2025-06-27 21:23:58+00	2025-07-11 16:02:39.663094+00	Office - Floor 3	Office - Floor 3	36	t	Generated test data - flexible_hours pattern	2025-07-11 16:02:39.663101+00
133	2025-06-28 09:37:53+00	2025-06-28 18:06:53+00	2025-07-11 16:02:39.666606+00	Office Main Building	Office Main Building	36	t	Generated test data - flexible_hours pattern	2025-07-11 16:02:39.666608+00
134	2025-06-29 10:07:44+00	2025-06-29 18:52:44+00	2025-07-11 16:02:39.669456+00	Office Main Building	Office Tel Aviv	36	t	Generated test data - flexible_hours pattern	2025-07-11 16:02:39.669458+00
135	2025-06-30 11:27:29+00	2025-06-30 15:15:29+00	2025-07-11 16:02:39.672482+00	Office Main Building	Office - Floor 3	36	t	Generated test data - flexible_hours pattern	2025-07-11 16:02:39.672484+00
136	2025-07-01 10:13:12+00	2025-07-01 18:38:12+00	2025-07-11 16:02:39.674991+00	Office - Floor 3	Office Tel Aviv	36	t	Generated test data - flexible_hours pattern	2025-07-11 16:02:39.674994+00
137	2025-07-02 08:31:30+00	2025-07-02 20:58:30+00	2025-07-11 16:02:39.677825+00	Office Tel Aviv	Office Tel Aviv	36	t	Generated test data - flexible_hours pattern	2025-07-11 16:02:39.677827+00
138	2025-07-03 07:35:49+00	2025-07-03 18:03:49+00	2025-07-11 16:02:39.681096+00	Office Main Building	Office - Floor 3	36	t	Generated test data - flexible_hours pattern	2025-07-11 16:02:39.681099+00
139	2025-07-04 07:12:23+00	2025-07-04 17:55:23+00	2025-07-11 16:02:39.683647+00	Office Tel Aviv	Office Tel Aviv	36	t	Generated test data - flexible_hours pattern	2025-07-11 16:02:39.683649+00
140	2025-07-05 10:37:18+00	2025-07-05 19:13:18+00	2025-07-11 16:02:39.686022+00	Office Main Building	Office Tel Aviv	36	t	Generated test data - flexible_hours pattern	2025-07-11 16:02:39.686024+00
141	2025-07-06 07:39:11+00	2025-07-06 17:58:11+00	2025-07-11 16:02:39.689452+00	Office Tel Aviv	Office Tel Aviv	36	t	Generated test data - flexible_hours pattern	2025-07-11 16:02:39.689454+00
142	2025-07-07 11:12:51+00	2025-07-07 17:15:51+00	2025-07-11 16:02:39.692554+00	Office Tel Aviv	Office Tel Aviv	36	t	Generated test data - flexible_hours pattern	2025-07-11 16:02:39.692557+00
143	2025-07-08 13:25:52+00	2025-07-08 19:12:52+00	2025-07-11 16:02:39.694984+00	Office Tel Aviv	Office Main Building	36	t	Generated test data - flexible_hours pattern	2025-07-11 16:02:39.694987+00
144	2025-07-09 08:24:29+00	2025-07-09 16:49:29+00	2025-07-11 16:02:39.697421+00	Office Tel Aviv	Office Main Building	36	t	Generated test data - flexible_hours pattern	2025-07-11 16:02:39.697423+00
145	2025-07-10 10:25:54+00	2025-07-10 18:58:54+00	2025-07-11 16:02:39.700023+00	Office Tel Aviv	Office Tel Aviv	36	t	Generated test data - flexible_hours pattern	2025-07-11 16:02:39.700025+00
147	2025-06-20 08:02:22+00	2025-06-20 16:44:22+00	2025-07-11 16:02:39.705241+00	Home Office	Home Office	37	t	Generated test data - remote_work pattern	2025-07-11 16:02:39.705243+00
148	2025-06-23 10:29:55+00	2025-06-23 19:04:55+00	2025-07-11 16:02:39.708081+00	Home Office	Home Office	37	t	Generated test data - remote_work pattern	2025-07-11 16:02:39.708083+00
149	2025-06-24 08:23:21+00	2025-06-24 16:52:21+00	2025-07-11 16:02:39.710501+00	Home Office	Home Office	37	t	Generated test data - remote_work pattern	2025-07-11 16:02:39.710504+00
150	2025-06-25 10:35:56+00	2025-06-25 18:06:56+00	2025-07-11 16:02:39.713496+00	Home Office	Home Office	37	t	Generated test data - remote_work pattern	2025-07-11 16:02:39.713498+00
151	2025-06-26 09:24:34+00	2025-06-26 17:49:34+00	2025-07-11 16:02:39.716009+00	Home Office	Home Office	37	t	Generated test data - remote_work pattern	2025-07-11 16:02:39.716021+00
152	2025-06-27 10:19:58+00	2025-06-27 19:34:58+00	2025-07-11 16:02:39.718714+00	Home Office	Home Office	37	t	Generated test data - remote_work pattern	2025-07-11 16:02:39.718716+00
153	2025-06-30 10:01:08+00	2025-06-30 17:41:08+00	2025-07-11 16:02:39.720994+00	Home Office	Home Office	37	t	Generated test data - remote_work pattern	2025-07-11 16:02:39.720996+00
154	2025-07-01 09:32:42+00	2025-07-01 16:51:42+00	2025-07-11 16:02:39.723141+00	Home Office	Home Office	37	t	Generated test data - remote_work pattern	2025-07-11 16:02:39.723143+00
155	2025-07-02 09:00:00+00	2025-07-02 18:28:00+00	2025-07-11 16:02:39.725367+00	Home Office	Home Office	37	t	Generated test data - remote_work pattern	2025-07-11 16:02:39.725369+00
156	2025-07-03 08:32:14+00	2025-07-03 16:49:14+00	2025-07-11 16:02:39.727816+00	Home Office	Home Office	37	t	Generated test data - remote_work pattern	2025-07-11 16:02:39.727817+00
157	2025-07-04 10:26:43+00	2025-07-04 17:53:43+00	2025-07-11 16:02:39.730224+00	Home Office	Home Office	37	t	Generated test data - remote_work pattern	2025-07-11 16:02:39.730226+00
158	2025-07-07 08:11:39+00	2025-07-07 15:33:39+00	2025-07-11 16:02:39.732614+00	Home Office	Home Office	37	t	Generated test data - remote_work pattern	2025-07-11 16:02:39.732616+00
159	2025-07-08 10:12:27+00	2025-07-08 19:36:27+00	2025-07-11 16:02:39.73487+00	Home Office	Home Office	37	t	Generated test data - remote_work pattern	2025-07-11 16:02:39.734872+00
160	2025-07-09 10:01:10+00	2025-07-09 18:35:10+00	2025-07-11 16:02:39.737463+00	Home Office	Home Office	37	t	Generated test data - remote_work pattern	2025-07-11 16:02:39.737465+00
161	2025-07-10 08:36:46+00	2025-07-10 16:19:46+00	2025-07-11 16:02:39.739952+00	Home Office	Home Office	37	t	Generated test data - remote_work pattern	2025-07-11 16:02:39.739954+00
163	2025-06-20 16:09:23+00	2025-06-20 19:19:23+00	2025-07-11 16:02:39.744888+00	University Campus Office	University Campus Office	38	t	Generated test data - student_hours pattern	2025-07-11 16:02:39.74489+00
164	2025-06-23 14:43:26+00	2025-06-23 17:48:26+00	2025-07-11 16:02:39.747397+00	University Campus Office	University Campus Office	38	t	Generated test data - student_hours pattern	2025-07-11 16:02:39.7474+00
165	2025-06-24 17:07:49+00	2025-06-24 20:13:49+00	2025-07-11 16:02:39.749552+00	University Campus Office	University Campus Office	38	t	Generated test data - student_hours pattern	2025-07-11 16:02:39.749555+00
166	2025-06-25 17:29:23+00	2025-06-25 20:38:23+00	2025-07-11 16:02:39.751747+00	University Campus Office	University Campus Office	38	t	Generated test data - student_hours pattern	2025-07-11 16:02:39.75175+00
167	2025-06-26 15:14:35+00	2025-06-26 18:25:35+00	2025-07-11 16:02:39.753982+00	University Campus Office	University Campus Office	38	t	Generated test data - student_hours pattern	2025-07-11 16:02:39.753984+00
168	2025-06-27 17:21:38+00	2025-06-27 20:07:38+00	2025-07-11 16:02:39.756149+00	University Campus Office	University Campus Office	38	t	Generated test data - student_hours pattern	2025-07-11 16:02:39.756151+00
169	2025-06-30 14:14:02+00	2025-06-30 17:28:02+00	2025-07-11 16:02:39.758407+00	University Campus Office	University Campus Office	38	t	Generated test data - student_hours pattern	2025-07-11 16:02:39.758409+00
170	2025-07-01 17:33:38+00	2025-07-01 20:42:38+00	2025-07-11 16:02:39.760599+00	University Campus Office	University Campus Office	38	t	Generated test data - student_hours pattern	2025-07-11 16:02:39.760601+00
171	2025-07-02 17:27:44+00	2025-07-02 20:18:44+00	2025-07-11 16:02:39.762713+00	University Campus Office	University Campus Office	38	t	Generated test data - student_hours pattern	2025-07-11 16:02:39.762715+00
172	2025-07-03 14:05:30+00	2025-07-03 17:19:30+00	2025-07-11 16:02:39.764847+00	University Campus Office	University Campus Office	38	t	Generated test data - student_hours pattern	2025-07-11 16:02:39.764849+00
173	2025-07-04 16:38:35+00	2025-07-04 19:50:35+00	2025-07-11 16:02:39.766965+00	University Campus Office	University Campus Office	38	t	Generated test data - student_hours pattern	2025-07-11 16:02:39.766967+00
174	2025-07-07 17:16:25+00	2025-07-07 20:19:25+00	2025-07-11 16:02:39.769161+00	University Campus Office	University Campus Office	38	t	Generated test data - student_hours pattern	2025-07-11 16:02:39.769163+00
175	2025-07-08 15:00:04+00	2025-07-08 17:59:04+00	2025-07-11 16:02:39.771364+00	University Campus Office	University Campus Office	38	t	Generated test data - student_hours pattern	2025-07-11 16:02:39.771366+00
176	2025-07-09 17:27:06+00	2025-07-09 20:17:06+00	2025-07-11 16:02:39.773611+00	University Campus Office	University Campus Office	38	t	Generated test data - student_hours pattern	2025-07-11 16:02:39.773613+00
177	2025-07-10 14:25:00+00	2025-07-10 17:17:00+00	2025-07-11 16:02:39.775916+00	University Campus Office	University Campus Office	38	t	Generated test data - student_hours pattern	2025-07-11 16:02:39.775918+00
\.


--
-- Name: auth_group_id_seq; Type: SEQUENCE SET; Schema: public; Owner: myhours_user
--

SELECT pg_catalog.setval('public.auth_group_id_seq', 1, false);


--
-- Name: auth_group_permissions_id_seq; Type: SEQUENCE SET; Schema: public; Owner: myhours_user
--

SELECT pg_catalog.setval('public.auth_group_permissions_id_seq', 1, false);


--
-- Name: auth_permission_id_seq; Type: SEQUENCE SET; Schema: public; Owner: myhours_user
--

SELECT pg_catalog.setval('public.auth_permission_id_seq', 84, true);


--
-- Name: auth_user_groups_id_seq; Type: SEQUENCE SET; Schema: public; Owner: myhours_user
--

SELECT pg_catalog.setval('public.auth_user_groups_id_seq', 1, false);


--
-- Name: auth_user_id_seq; Type: SEQUENCE SET; Schema: public; Owner: myhours_user
--

SELECT pg_catalog.setval('public.auth_user_id_seq', 38, true);


--
-- Name: auth_user_user_permissions_id_seq; Type: SEQUENCE SET; Schema: public; Owner: myhours_user
--

SELECT pg_catalog.setval('public.auth_user_user_permissions_id_seq', 1, false);


--
-- Name: biometric_attempts_id_seq; Type: SEQUENCE SET; Schema: public; Owner: myhours_user
--

SELECT pg_catalog.setval('public.biometric_attempts_id_seq', 1, false);


--
-- Name: biometric_profiles_id_seq; Type: SEQUENCE SET; Schema: public; Owner: myhours_user
--

SELECT pg_catalog.setval('public.biometric_profiles_id_seq', 1, false);


--
-- Name: django_admin_log_id_seq; Type: SEQUENCE SET; Schema: public; Owner: myhours_user
--

SELECT pg_catalog.setval('public.django_admin_log_id_seq', 1, false);


--
-- Name: django_content_type_id_seq; Type: SEQUENCE SET; Schema: public; Owner: myhours_user
--

SELECT pg_catalog.setval('public.django_content_type_id_seq', 21, true);


--
-- Name: django_migrations_id_seq; Type: SEQUENCE SET; Schema: public; Owner: myhours_user
--

SELECT pg_catalog.setval('public.django_migrations_id_seq', 46, true);


--
-- Name: face_quality_checks_id_seq; Type: SEQUENCE SET; Schema: public; Owner: myhours_user
--

SELECT pg_catalog.setval('public.face_quality_checks_id_seq', 1, false);


--
-- Name: integrations_holiday_id_seq; Type: SEQUENCE SET; Schema: public; Owner: myhours_user
--

SELECT pg_catalog.setval('public.integrations_holiday_id_seq', 1, false);


--
-- Name: payroll_compensatoryday_id_seq; Type: SEQUENCE SET; Schema: public; Owner: myhours_user
--

SELECT pg_catalog.setval('public.payroll_compensatoryday_id_seq', 13, true);


--
-- Name: payroll_salary_id_seq; Type: SEQUENCE SET; Schema: public; Owner: myhours_user
--

SELECT pg_catalog.setval('public.payroll_salary_id_seq', 30, true);


--
-- Name: users_biometricsession_id_seq; Type: SEQUENCE SET; Schema: public; Owner: myhours_user
--

SELECT pg_catalog.setval('public.users_biometricsession_id_seq', 1, false);


--
-- Name: users_devicetoken_id_seq; Type: SEQUENCE SET; Schema: public; Owner: myhours_user
--

SELECT pg_catalog.setval('public.users_devicetoken_id_seq', 1, false);


--
-- Name: users_employee_id_seq; Type: SEQUENCE SET; Schema: public; Owner: myhours_user
--

SELECT pg_catalog.setval('public.users_employee_id_seq', 38, true);


--
-- Name: users_employeeinvitation_id_seq; Type: SEQUENCE SET; Schema: public; Owner: myhours_user
--

SELECT pg_catalog.setval('public.users_employeeinvitation_id_seq', 1, false);


--
-- Name: users_tokenrefreshlog_id_seq; Type: SEQUENCE SET; Schema: public; Owner: myhours_user
--

SELECT pg_catalog.setval('public.users_tokenrefreshlog_id_seq', 1, false);


--
-- Name: worktime_worklog_id_seq; Type: SEQUENCE SET; Schema: public; Owner: myhours_user
--

SELECT pg_catalog.setval('public.worktime_worklog_id_seq', 178, true);


--
-- Name: auth_group auth_group_name_key; Type: CONSTRAINT; Schema: public; Owner: myhours_user
--

ALTER TABLE ONLY public.auth_group
    ADD CONSTRAINT auth_group_name_key UNIQUE (name);


--
-- Name: auth_group_permissions auth_group_permissions_group_id_permission_id_0cd325b0_uniq; Type: CONSTRAINT; Schema: public; Owner: myhours_user
--

ALTER TABLE ONLY public.auth_group_permissions
    ADD CONSTRAINT auth_group_permissions_group_id_permission_id_0cd325b0_uniq UNIQUE (group_id, permission_id);


--
-- Name: auth_group_permissions auth_group_permissions_pkey; Type: CONSTRAINT; Schema: public; Owner: myhours_user
--

ALTER TABLE ONLY public.auth_group_permissions
    ADD CONSTRAINT auth_group_permissions_pkey PRIMARY KEY (id);


--
-- Name: auth_group auth_group_pkey; Type: CONSTRAINT; Schema: public; Owner: myhours_user
--

ALTER TABLE ONLY public.auth_group
    ADD CONSTRAINT auth_group_pkey PRIMARY KEY (id);


--
-- Name: auth_permission auth_permission_content_type_id_codename_01ab375a_uniq; Type: CONSTRAINT; Schema: public; Owner: myhours_user
--

ALTER TABLE ONLY public.auth_permission
    ADD CONSTRAINT auth_permission_content_type_id_codename_01ab375a_uniq UNIQUE (content_type_id, codename);


--
-- Name: auth_permission auth_permission_pkey; Type: CONSTRAINT; Schema: public; Owner: myhours_user
--

ALTER TABLE ONLY public.auth_permission
    ADD CONSTRAINT auth_permission_pkey PRIMARY KEY (id);


--
-- Name: auth_user_groups auth_user_groups_pkey; Type: CONSTRAINT; Schema: public; Owner: myhours_user
--

ALTER TABLE ONLY public.auth_user_groups
    ADD CONSTRAINT auth_user_groups_pkey PRIMARY KEY (id);


--
-- Name: auth_user_groups auth_user_groups_user_id_group_id_94350c0c_uniq; Type: CONSTRAINT; Schema: public; Owner: myhours_user
--

ALTER TABLE ONLY public.auth_user_groups
    ADD CONSTRAINT auth_user_groups_user_id_group_id_94350c0c_uniq UNIQUE (user_id, group_id);


--
-- Name: auth_user auth_user_pkey; Type: CONSTRAINT; Schema: public; Owner: myhours_user
--

ALTER TABLE ONLY public.auth_user
    ADD CONSTRAINT auth_user_pkey PRIMARY KEY (id);


--
-- Name: auth_user_user_permissions auth_user_user_permissions_pkey; Type: CONSTRAINT; Schema: public; Owner: myhours_user
--

ALTER TABLE ONLY public.auth_user_user_permissions
    ADD CONSTRAINT auth_user_user_permissions_pkey PRIMARY KEY (id);


--
-- Name: auth_user_user_permissions auth_user_user_permissions_user_id_permission_id_14a6b632_uniq; Type: CONSTRAINT; Schema: public; Owner: myhours_user
--

ALTER TABLE ONLY public.auth_user_user_permissions
    ADD CONSTRAINT auth_user_user_permissions_user_id_permission_id_14a6b632_uniq UNIQUE (user_id, permission_id);


--
-- Name: auth_user auth_user_username_key; Type: CONSTRAINT; Schema: public; Owner: myhours_user
--

ALTER TABLE ONLY public.auth_user
    ADD CONSTRAINT auth_user_username_key UNIQUE (username);


--
-- Name: authtoken_token authtoken_token_pkey; Type: CONSTRAINT; Schema: public; Owner: myhours_user
--

ALTER TABLE ONLY public.authtoken_token
    ADD CONSTRAINT authtoken_token_pkey PRIMARY KEY (key);


--
-- Name: authtoken_token authtoken_token_user_id_key; Type: CONSTRAINT; Schema: public; Owner: myhours_user
--

ALTER TABLE ONLY public.authtoken_token
    ADD CONSTRAINT authtoken_token_user_id_key UNIQUE (user_id);


--
-- Name: biometric_attempts biometric_attempts_pkey; Type: CONSTRAINT; Schema: public; Owner: myhours_user
--

ALTER TABLE ONLY public.biometric_attempts
    ADD CONSTRAINT biometric_attempts_pkey PRIMARY KEY (id);


--
-- Name: biometric_logs biometric_logs_pkey; Type: CONSTRAINT; Schema: public; Owner: myhours_user
--

ALTER TABLE ONLY public.biometric_logs
    ADD CONSTRAINT biometric_logs_pkey PRIMARY KEY (id);


--
-- Name: biometric_profiles biometric_profiles_employee_id_key; Type: CONSTRAINT; Schema: public; Owner: myhours_user
--

ALTER TABLE ONLY public.biometric_profiles
    ADD CONSTRAINT biometric_profiles_employee_id_key UNIQUE (employee_id);


--
-- Name: biometric_profiles biometric_profiles_pkey; Type: CONSTRAINT; Schema: public; Owner: myhours_user
--

ALTER TABLE ONLY public.biometric_profiles
    ADD CONSTRAINT biometric_profiles_pkey PRIMARY KEY (id);


--
-- Name: django_admin_log django_admin_log_pkey; Type: CONSTRAINT; Schema: public; Owner: myhours_user
--

ALTER TABLE ONLY public.django_admin_log
    ADD CONSTRAINT django_admin_log_pkey PRIMARY KEY (id);


--
-- Name: django_content_type django_content_type_app_label_model_76bd3d3b_uniq; Type: CONSTRAINT; Schema: public; Owner: myhours_user
--

ALTER TABLE ONLY public.django_content_type
    ADD CONSTRAINT django_content_type_app_label_model_76bd3d3b_uniq UNIQUE (app_label, model);


--
-- Name: django_content_type django_content_type_pkey; Type: CONSTRAINT; Schema: public; Owner: myhours_user
--

ALTER TABLE ONLY public.django_content_type
    ADD CONSTRAINT django_content_type_pkey PRIMARY KEY (id);


--
-- Name: django_migrations django_migrations_pkey; Type: CONSTRAINT; Schema: public; Owner: myhours_user
--

ALTER TABLE ONLY public.django_migrations
    ADD CONSTRAINT django_migrations_pkey PRIMARY KEY (id);


--
-- Name: django_session django_session_pkey; Type: CONSTRAINT; Schema: public; Owner: myhours_user
--

ALTER TABLE ONLY public.django_session
    ADD CONSTRAINT django_session_pkey PRIMARY KEY (session_key);


--
-- Name: face_quality_checks face_quality_checks_biometric_log_id_key; Type: CONSTRAINT; Schema: public; Owner: myhours_user
--

ALTER TABLE ONLY public.face_quality_checks
    ADD CONSTRAINT face_quality_checks_biometric_log_id_key UNIQUE (biometric_log_id);


--
-- Name: face_quality_checks face_quality_checks_pkey; Type: CONSTRAINT; Schema: public; Owner: myhours_user
--

ALTER TABLE ONLY public.face_quality_checks
    ADD CONSTRAINT face_quality_checks_pkey PRIMARY KEY (id);


--
-- Name: integrations_holiday integrations_holiday_date_7f2953a3_uniq; Type: CONSTRAINT; Schema: public; Owner: myhours_user
--

ALTER TABLE ONLY public.integrations_holiday
    ADD CONSTRAINT integrations_holiday_date_7f2953a3_uniq UNIQUE (date);


--
-- Name: integrations_holiday integrations_holiday_pkey; Type: CONSTRAINT; Schema: public; Owner: myhours_user
--

ALTER TABLE ONLY public.integrations_holiday
    ADD CONSTRAINT integrations_holiday_pkey PRIMARY KEY (id);


--
-- Name: payroll_compensatoryday payroll_compensatoryday_pkey; Type: CONSTRAINT; Schema: public; Owner: myhours_user
--

ALTER TABLE ONLY public.payroll_compensatoryday
    ADD CONSTRAINT payroll_compensatoryday_pkey PRIMARY KEY (id);


--
-- Name: payroll_salary payroll_salary_employee_id_key; Type: CONSTRAINT; Schema: public; Owner: myhours_user
--

ALTER TABLE ONLY public.payroll_salary
    ADD CONSTRAINT payroll_salary_employee_id_key UNIQUE (employee_id);


--
-- Name: payroll_salary payroll_salary_pkey; Type: CONSTRAINT; Schema: public; Owner: myhours_user
--

ALTER TABLE ONLY public.payroll_salary
    ADD CONSTRAINT payroll_salary_pkey PRIMARY KEY (id);


--
-- Name: users_biometricsession users_biometricsession_pkey; Type: CONSTRAINT; Schema: public; Owner: myhours_user
--

ALTER TABLE ONLY public.users_biometricsession
    ADD CONSTRAINT users_biometricsession_pkey PRIMARY KEY (id);


--
-- Name: users_biometricsession users_biometricsession_session_id_key; Type: CONSTRAINT; Schema: public; Owner: myhours_user
--

ALTER TABLE ONLY public.users_biometricsession
    ADD CONSTRAINT users_biometricsession_session_id_key UNIQUE (session_id);


--
-- Name: users_devicetoken users_devicetoken_pkey; Type: CONSTRAINT; Schema: public; Owner: myhours_user
--

ALTER TABLE ONLY public.users_devicetoken
    ADD CONSTRAINT users_devicetoken_pkey PRIMARY KEY (id);


--
-- Name: users_devicetoken users_devicetoken_token_key; Type: CONSTRAINT; Schema: public; Owner: myhours_user
--

ALTER TABLE ONLY public.users_devicetoken
    ADD CONSTRAINT users_devicetoken_token_key UNIQUE (token);


--
-- Name: users_devicetoken users_devicetoken_user_id_device_id_333f53e2_uniq; Type: CONSTRAINT; Schema: public; Owner: myhours_user
--

ALTER TABLE ONLY public.users_devicetoken
    ADD CONSTRAINT users_devicetoken_user_id_device_id_333f53e2_uniq UNIQUE (user_id, device_id);


--
-- Name: users_employee users_employee_email_key; Type: CONSTRAINT; Schema: public; Owner: myhours_user
--

ALTER TABLE ONLY public.users_employee
    ADD CONSTRAINT users_employee_email_key UNIQUE (email);


--
-- Name: users_employee users_employee_pkey; Type: CONSTRAINT; Schema: public; Owner: myhours_user
--

ALTER TABLE ONLY public.users_employee
    ADD CONSTRAINT users_employee_pkey PRIMARY KEY (id);


--
-- Name: users_employee users_employee_user_id_key; Type: CONSTRAINT; Schema: public; Owner: myhours_user
--

ALTER TABLE ONLY public.users_employee
    ADD CONSTRAINT users_employee_user_id_key UNIQUE (user_id);


--
-- Name: users_employeeinvitation users_employeeinvitation_employee_id_key; Type: CONSTRAINT; Schema: public; Owner: myhours_user
--

ALTER TABLE ONLY public.users_employeeinvitation
    ADD CONSTRAINT users_employeeinvitation_employee_id_key UNIQUE (employee_id);


--
-- Name: users_employeeinvitation users_employeeinvitation_pkey; Type: CONSTRAINT; Schema: public; Owner: myhours_user
--

ALTER TABLE ONLY public.users_employeeinvitation
    ADD CONSTRAINT users_employeeinvitation_pkey PRIMARY KEY (id);


--
-- Name: users_employeeinvitation users_employeeinvitation_token_key; Type: CONSTRAINT; Schema: public; Owner: myhours_user
--

ALTER TABLE ONLY public.users_employeeinvitation
    ADD CONSTRAINT users_employeeinvitation_token_key UNIQUE (token);


--
-- Name: users_tokenrefreshlog users_tokenrefreshlog_pkey; Type: CONSTRAINT; Schema: public; Owner: myhours_user
--

ALTER TABLE ONLY public.users_tokenrefreshlog
    ADD CONSTRAINT users_tokenrefreshlog_pkey PRIMARY KEY (id);


--
-- Name: worktime_worklog worktime_worklog_pkey; Type: CONSTRAINT; Schema: public; Owner: myhours_user
--

ALTER TABLE ONLY public.worktime_worklog
    ADD CONSTRAINT worktime_worklog_pkey PRIMARY KEY (id);


--
-- Name: auth_group_name_a6ea08ec_like; Type: INDEX; Schema: public; Owner: myhours_user
--

CREATE INDEX auth_group_name_a6ea08ec_like ON public.auth_group USING btree (name varchar_pattern_ops);


--
-- Name: auth_group_permissions_group_id_b120cbf9; Type: INDEX; Schema: public; Owner: myhours_user
--

CREATE INDEX auth_group_permissions_group_id_b120cbf9 ON public.auth_group_permissions USING btree (group_id);


--
-- Name: auth_group_permissions_permission_id_84c5c92e; Type: INDEX; Schema: public; Owner: myhours_user
--

CREATE INDEX auth_group_permissions_permission_id_84c5c92e ON public.auth_group_permissions USING btree (permission_id);


--
-- Name: auth_permission_content_type_id_2f476e4b; Type: INDEX; Schema: public; Owner: myhours_user
--

CREATE INDEX auth_permission_content_type_id_2f476e4b ON public.auth_permission USING btree (content_type_id);


--
-- Name: auth_user_groups_group_id_97559544; Type: INDEX; Schema: public; Owner: myhours_user
--

CREATE INDEX auth_user_groups_group_id_97559544 ON public.auth_user_groups USING btree (group_id);


--
-- Name: auth_user_groups_user_id_6a12ed8b; Type: INDEX; Schema: public; Owner: myhours_user
--

CREATE INDEX auth_user_groups_user_id_6a12ed8b ON public.auth_user_groups USING btree (user_id);


--
-- Name: auth_user_user_permissions_permission_id_1fbb5f2c; Type: INDEX; Schema: public; Owner: myhours_user
--

CREATE INDEX auth_user_user_permissions_permission_id_1fbb5f2c ON public.auth_user_user_permissions USING btree (permission_id);


--
-- Name: auth_user_user_permissions_user_id_a95ead1b; Type: INDEX; Schema: public; Owner: myhours_user
--

CREATE INDEX auth_user_user_permissions_user_id_a95ead1b ON public.auth_user_user_permissions USING btree (user_id);


--
-- Name: auth_user_username_6821ab7c_like; Type: INDEX; Schema: public; Owner: myhours_user
--

CREATE INDEX auth_user_username_6821ab7c_like ON public.auth_user USING btree (username varchar_pattern_ops);


--
-- Name: authtoken_token_key_10f0b77e_like; Type: INDEX; Schema: public; Owner: myhours_user
--

CREATE INDEX authtoken_token_key_10f0b77e_like ON public.authtoken_token USING btree (key varchar_pattern_ops);


--
-- Name: biometric_l_action_c27320_idx; Type: INDEX; Schema: public; Owner: myhours_user
--

CREATE INDEX biometric_l_action_c27320_idx ON public.biometric_logs USING btree (action, created_at DESC);


--
-- Name: biometric_l_employe_1d560c_idx; Type: INDEX; Schema: public; Owner: myhours_user
--

CREATE INDEX biometric_l_employe_1d560c_idx ON public.biometric_logs USING btree (employee_id, created_at DESC);


--
-- Name: biometric_l_success_7002d1_idx; Type: INDEX; Schema: public; Owner: myhours_user
--

CREATE INDEX biometric_l_success_7002d1_idx ON public.biometric_logs USING btree (success, created_at DESC);


--
-- Name: biometric_logs_employee_id_58b55f5d; Type: INDEX; Schema: public; Owner: myhours_user
--

CREATE INDEX biometric_logs_employee_id_58b55f5d ON public.biometric_logs USING btree (employee_id);


--
-- Name: django_admin_log_content_type_id_c4bce8eb; Type: INDEX; Schema: public; Owner: myhours_user
--

CREATE INDEX django_admin_log_content_type_id_c4bce8eb ON public.django_admin_log USING btree (content_type_id);


--
-- Name: django_admin_log_user_id_c564eba6; Type: INDEX; Schema: public; Owner: myhours_user
--

CREATE INDEX django_admin_log_user_id_c564eba6 ON public.django_admin_log USING btree (user_id);


--
-- Name: django_session_expire_date_a5c62663; Type: INDEX; Schema: public; Owner: myhours_user
--

CREATE INDEX django_session_expire_date_a5c62663 ON public.django_session USING btree (expire_date);


--
-- Name: django_session_session_key_c0390e0f_like; Type: INDEX; Schema: public; Owner: myhours_user
--

CREATE INDEX django_session_session_key_c0390e0f_like ON public.django_session USING btree (session_key varchar_pattern_ops);


--
-- Name: payroll_compensatoryday_employee_id_30203e79; Type: INDEX; Schema: public; Owner: myhours_user
--

CREATE INDEX payroll_compensatoryday_employee_id_30203e79 ON public.payroll_compensatoryday USING btree (employee_id);


--
-- Name: users_biometricsession_device_token_id_e309f2cd; Type: INDEX; Schema: public; Owner: myhours_user
--

CREATE INDEX users_biometricsession_device_token_id_e309f2cd ON public.users_biometricsession USING btree (device_token_id);


--
-- Name: users_devicetoken_token_5a1f138c_like; Type: INDEX; Schema: public; Owner: myhours_user
--

CREATE INDEX users_devicetoken_token_5a1f138c_like ON public.users_devicetoken USING btree (token varchar_pattern_ops);


--
-- Name: users_devicetoken_user_id_152121e4; Type: INDEX; Schema: public; Owner: myhours_user
--

CREATE INDEX users_devicetoken_user_id_152121e4 ON public.users_devicetoken USING btree (user_id);


--
-- Name: users_emplo_email_e2f2c3_idx; Type: INDEX; Schema: public; Owner: myhours_user
--

CREATE INDEX users_emplo_email_e2f2c3_idx ON public.users_employee USING btree (email);


--
-- Name: users_emplo_expires_da7a25_idx; Type: INDEX; Schema: public; Owner: myhours_user
--

CREATE INDEX users_emplo_expires_da7a25_idx ON public.users_employeeinvitation USING btree (expires_at);


--
-- Name: users_emplo_is_acti_5d4e2d_idx; Type: INDEX; Schema: public; Owner: myhours_user
--

CREATE INDEX users_emplo_is_acti_5d4e2d_idx ON public.users_employee USING btree (is_active);


--
-- Name: users_emplo_token_0c2e11_idx; Type: INDEX; Schema: public; Owner: myhours_user
--

CREATE INDEX users_emplo_token_0c2e11_idx ON public.users_employeeinvitation USING btree (token);


--
-- Name: users_employee_email_9d0608b5_like; Type: INDEX; Schema: public; Owner: myhours_user
--

CREATE INDEX users_employee_email_9d0608b5_like ON public.users_employee USING btree (email varchar_pattern_ops);


--
-- Name: users_employeeinvitation_invited_by_id_57b7e7ba; Type: INDEX; Schema: public; Owner: myhours_user
--

CREATE INDEX users_employeeinvitation_invited_by_id_57b7e7ba ON public.users_employeeinvitation USING btree (invited_by_id);


--
-- Name: users_employeeinvitation_token_bc14e97e_like; Type: INDEX; Schema: public; Owner: myhours_user
--

CREATE INDEX users_employeeinvitation_token_bc14e97e_like ON public.users_employeeinvitation USING btree (token varchar_pattern_ops);


--
-- Name: users_tokenrefreshlog_device_token_id_d2bc4cfa; Type: INDEX; Schema: public; Owner: myhours_user
--

CREATE INDEX users_tokenrefreshlog_device_token_id_d2bc4cfa ON public.users_tokenrefreshlog USING btree (device_token_id);


--
-- Name: worktime_wo_check_i_643a20_idx; Type: INDEX; Schema: public; Owner: myhours_user
--

CREATE INDEX worktime_wo_check_i_643a20_idx ON public.worktime_worklog USING btree (check_in);


--
-- Name: worktime_wo_employe_ee1084_idx; Type: INDEX; Schema: public; Owner: myhours_user
--

CREATE INDEX worktime_wo_employe_ee1084_idx ON public.worktime_worklog USING btree (employee_id, check_in);


--
-- Name: worktime_wo_is_appr_0ce77a_idx; Type: INDEX; Schema: public; Owner: myhours_user
--

CREATE INDEX worktime_wo_is_appr_0ce77a_idx ON public.worktime_worklog USING btree (is_approved);


--
-- Name: worktime_worklog_employee_id_60790df2; Type: INDEX; Schema: public; Owner: myhours_user
--

CREATE INDEX worktime_worklog_employee_id_60790df2 ON public.worktime_worklog USING btree (employee_id);


--
-- Name: auth_group_permissions auth_group_permissio_permission_id_84c5c92e_fk_auth_perm; Type: FK CONSTRAINT; Schema: public; Owner: myhours_user
--

ALTER TABLE ONLY public.auth_group_permissions
    ADD CONSTRAINT auth_group_permissio_permission_id_84c5c92e_fk_auth_perm FOREIGN KEY (permission_id) REFERENCES public.auth_permission(id) DEFERRABLE INITIALLY DEFERRED;


--
-- Name: auth_group_permissions auth_group_permissions_group_id_b120cbf9_fk_auth_group_id; Type: FK CONSTRAINT; Schema: public; Owner: myhours_user
--

ALTER TABLE ONLY public.auth_group_permissions
    ADD CONSTRAINT auth_group_permissions_group_id_b120cbf9_fk_auth_group_id FOREIGN KEY (group_id) REFERENCES public.auth_group(id) DEFERRABLE INITIALLY DEFERRED;


--
-- Name: auth_permission auth_permission_content_type_id_2f476e4b_fk_django_co; Type: FK CONSTRAINT; Schema: public; Owner: myhours_user
--

ALTER TABLE ONLY public.auth_permission
    ADD CONSTRAINT auth_permission_content_type_id_2f476e4b_fk_django_co FOREIGN KEY (content_type_id) REFERENCES public.django_content_type(id) DEFERRABLE INITIALLY DEFERRED;


--
-- Name: auth_user_groups auth_user_groups_group_id_97559544_fk_auth_group_id; Type: FK CONSTRAINT; Schema: public; Owner: myhours_user
--

ALTER TABLE ONLY public.auth_user_groups
    ADD CONSTRAINT auth_user_groups_group_id_97559544_fk_auth_group_id FOREIGN KEY (group_id) REFERENCES public.auth_group(id) DEFERRABLE INITIALLY DEFERRED;


--
-- Name: auth_user_groups auth_user_groups_user_id_6a12ed8b_fk_auth_user_id; Type: FK CONSTRAINT; Schema: public; Owner: myhours_user
--

ALTER TABLE ONLY public.auth_user_groups
    ADD CONSTRAINT auth_user_groups_user_id_6a12ed8b_fk_auth_user_id FOREIGN KEY (user_id) REFERENCES public.auth_user(id) DEFERRABLE INITIALLY DEFERRED;


--
-- Name: auth_user_user_permissions auth_user_user_permi_permission_id_1fbb5f2c_fk_auth_perm; Type: FK CONSTRAINT; Schema: public; Owner: myhours_user
--

ALTER TABLE ONLY public.auth_user_user_permissions
    ADD CONSTRAINT auth_user_user_permi_permission_id_1fbb5f2c_fk_auth_perm FOREIGN KEY (permission_id) REFERENCES public.auth_permission(id) DEFERRABLE INITIALLY DEFERRED;


--
-- Name: auth_user_user_permissions auth_user_user_permissions_user_id_a95ead1b_fk_auth_user_id; Type: FK CONSTRAINT; Schema: public; Owner: myhours_user
--

ALTER TABLE ONLY public.auth_user_user_permissions
    ADD CONSTRAINT auth_user_user_permissions_user_id_a95ead1b_fk_auth_user_id FOREIGN KEY (user_id) REFERENCES public.auth_user(id) DEFERRABLE INITIALLY DEFERRED;


--
-- Name: authtoken_token authtoken_token_user_id_35299eff_fk_auth_user_id; Type: FK CONSTRAINT; Schema: public; Owner: myhours_user
--

ALTER TABLE ONLY public.authtoken_token
    ADD CONSTRAINT authtoken_token_user_id_35299eff_fk_auth_user_id FOREIGN KEY (user_id) REFERENCES public.auth_user(id) DEFERRABLE INITIALLY DEFERRED;


--
-- Name: biometric_logs biometric_logs_employee_id_58b55f5d_fk_users_employee_id; Type: FK CONSTRAINT; Schema: public; Owner: myhours_user
--

ALTER TABLE ONLY public.biometric_logs
    ADD CONSTRAINT biometric_logs_employee_id_58b55f5d_fk_users_employee_id FOREIGN KEY (employee_id) REFERENCES public.users_employee(id) DEFERRABLE INITIALLY DEFERRED;


--
-- Name: biometric_profiles biometric_profiles_employee_id_ab7cdec9_fk_users_employee_id; Type: FK CONSTRAINT; Schema: public; Owner: myhours_user
--

ALTER TABLE ONLY public.biometric_profiles
    ADD CONSTRAINT biometric_profiles_employee_id_ab7cdec9_fk_users_employee_id FOREIGN KEY (employee_id) REFERENCES public.users_employee(id) DEFERRABLE INITIALLY DEFERRED;


--
-- Name: django_admin_log django_admin_log_content_type_id_c4bce8eb_fk_django_co; Type: FK CONSTRAINT; Schema: public; Owner: myhours_user
--

ALTER TABLE ONLY public.django_admin_log
    ADD CONSTRAINT django_admin_log_content_type_id_c4bce8eb_fk_django_co FOREIGN KEY (content_type_id) REFERENCES public.django_content_type(id) DEFERRABLE INITIALLY DEFERRED;


--
-- Name: django_admin_log django_admin_log_user_id_c564eba6_fk_auth_user_id; Type: FK CONSTRAINT; Schema: public; Owner: myhours_user
--

ALTER TABLE ONLY public.django_admin_log
    ADD CONSTRAINT django_admin_log_user_id_c564eba6_fk_auth_user_id FOREIGN KEY (user_id) REFERENCES public.auth_user(id) DEFERRABLE INITIALLY DEFERRED;


--
-- Name: face_quality_checks face_quality_checks_biometric_log_id_6df9469c_fk_biometric; Type: FK CONSTRAINT; Schema: public; Owner: myhours_user
--

ALTER TABLE ONLY public.face_quality_checks
    ADD CONSTRAINT face_quality_checks_biometric_log_id_6df9469c_fk_biometric FOREIGN KEY (biometric_log_id) REFERENCES public.biometric_logs(id) DEFERRABLE INITIALLY DEFERRED;


--
-- Name: payroll_compensatoryday payroll_compensatory_employee_id_30203e79_fk_users_emp; Type: FK CONSTRAINT; Schema: public; Owner: myhours_user
--

ALTER TABLE ONLY public.payroll_compensatoryday
    ADD CONSTRAINT payroll_compensatory_employee_id_30203e79_fk_users_emp FOREIGN KEY (employee_id) REFERENCES public.users_employee(id) DEFERRABLE INITIALLY DEFERRED;


--
-- Name: payroll_salary payroll_salary_employee_id_53810ada_fk_users_employee_id; Type: FK CONSTRAINT; Schema: public; Owner: myhours_user
--

ALTER TABLE ONLY public.payroll_salary
    ADD CONSTRAINT payroll_salary_employee_id_53810ada_fk_users_employee_id FOREIGN KEY (employee_id) REFERENCES public.users_employee(id) DEFERRABLE INITIALLY DEFERRED;


--
-- Name: users_biometricsession users_biometricsessi_device_token_id_e309f2cd_fk_users_dev; Type: FK CONSTRAINT; Schema: public; Owner: myhours_user
--

ALTER TABLE ONLY public.users_biometricsession
    ADD CONSTRAINT users_biometricsessi_device_token_id_e309f2cd_fk_users_dev FOREIGN KEY (device_token_id) REFERENCES public.users_devicetoken(id) DEFERRABLE INITIALLY DEFERRED;


--
-- Name: users_devicetoken users_devicetoken_user_id_152121e4_fk_auth_user_id; Type: FK CONSTRAINT; Schema: public; Owner: myhours_user
--

ALTER TABLE ONLY public.users_devicetoken
    ADD CONSTRAINT users_devicetoken_user_id_152121e4_fk_auth_user_id FOREIGN KEY (user_id) REFERENCES public.auth_user(id) DEFERRABLE INITIALLY DEFERRED;


--
-- Name: users_employee users_employee_user_id_6131bb7a_fk_auth_user_id; Type: FK CONSTRAINT; Schema: public; Owner: myhours_user
--

ALTER TABLE ONLY public.users_employee
    ADD CONSTRAINT users_employee_user_id_6131bb7a_fk_auth_user_id FOREIGN KEY (user_id) REFERENCES public.auth_user(id) DEFERRABLE INITIALLY DEFERRED;


--
-- Name: users_employeeinvitation users_employeeinvita_employee_id_5d0f046a_fk_users_emp; Type: FK CONSTRAINT; Schema: public; Owner: myhours_user
--

ALTER TABLE ONLY public.users_employeeinvitation
    ADD CONSTRAINT users_employeeinvita_employee_id_5d0f046a_fk_users_emp FOREIGN KEY (employee_id) REFERENCES public.users_employee(id) DEFERRABLE INITIALLY DEFERRED;


--
-- Name: users_employeeinvitation users_employeeinvitation_invited_by_id_57b7e7ba_fk_auth_user_id; Type: FK CONSTRAINT; Schema: public; Owner: myhours_user
--

ALTER TABLE ONLY public.users_employeeinvitation
    ADD CONSTRAINT users_employeeinvitation_invited_by_id_57b7e7ba_fk_auth_user_id FOREIGN KEY (invited_by_id) REFERENCES public.auth_user(id) DEFERRABLE INITIALLY DEFERRED;


--
-- Name: users_tokenrefreshlog users_tokenrefreshlo_device_token_id_d2bc4cfa_fk_users_dev; Type: FK CONSTRAINT; Schema: public; Owner: myhours_user
--

ALTER TABLE ONLY public.users_tokenrefreshlog
    ADD CONSTRAINT users_tokenrefreshlo_device_token_id_d2bc4cfa_fk_users_dev FOREIGN KEY (device_token_id) REFERENCES public.users_devicetoken(id) DEFERRABLE INITIALLY DEFERRED;


--
-- Name: worktime_worklog worktime_worklog_employee_id_60790df2_fk_users_employee_id; Type: FK CONSTRAINT; Schema: public; Owner: myhours_user
--

ALTER TABLE ONLY public.worktime_worklog
    ADD CONSTRAINT worktime_worklog_employee_id_60790df2_fk_users_employee_id FOREIGN KEY (employee_id) REFERENCES public.users_employee(id) DEFERRABLE INITIALLY DEFERRED;


--
-- PostgreSQL database dump complete
--

